year,month,day,hour,u10,v10,tp,timestamp,w10
2017,10,7,0,13.987215668675649,-5.1875162881804595,0.00010454318347066088,2017-10-07T00:00:00.000Z,14.918194508793052
2017,10,7,1,13.978093746727765,-4.036146271309375,0.00016392187759105802,2017-10-07T01:00:00.000Z,14.549143669498712
2017,10,7,2,13.691323325491133,-3.196066199029623,0.00017595809937221958,2017-10-07T02:00:00.000Z,14.059415832520115
2017,10,7,3,13.197029179940117,-2.7823555332973338,0.00013079361002195583,2017-10-07T03:00:00.000Z,13.487145045926555
2017,10,7,4,12.761457406928615,-3.055669255443144,4.115241542320975e-05,2017-10-07T04:00:00.000Z,13.122191499422406
2017,10,7,5,12.799655455085382,-3.4388838637570585,2.1321307155200503e-05,2017-10-07T05:00:00.000Z,13.253569405911211
2017,10,7,6,12.494641189952981,-3.8036857581579917,2.441633561321363e-05,2017-10-07T06:00:00.000Z,13.060784195923443
2017,10,7,7,11.951316713932085,-4.01370577622793,1.7538494595406833e-05,2017-10-07T07:00:00.000Z,12.607291749413823
2017,10,7,8,11.707875421947909,-3.839360391364393,3.1638068681910485e-05,2017-10-07T08:00:00.000Z,12.321324405705324
2017,10,7,9,11.833301848731324,-2.536660882020996,0.00012448892242229986,2017-10-07T09:00:00.000Z,12.102135393126442
2017,10,7,10,11.30252001538877,-1.4474337746062218,8.838025707881515e-05,2017-10-07T10:00:00.000Z,11.394824405410318
2017,10,7,11,10.778009503385386,-1.2891995144165425,6.029573958943801e-05,2017-10-07T11:00:00.000Z,10.854838747905818
2017,10,7,12,10.384626619382852,-2.512494195010209,0.0001229987235351086,2017-10-07T12:00:00.000Z,10.684245275355433
2017,10,7,13,10.658854397941141,-3.406661614409342,5.089602353176891e-05,2017-10-07T13:00:00.000Z,11.190018786025306
2017,10,7,14,11.494650496416096,-3.4204711498440776,1.2953267250202448e-05,2017-10-07T14:00:00.000Z,11.992773362390972
2017,10,7,15,11.441629325094016,-3.6960864612290094,1.5933665024585406e-05,2017-10-07T15:00:00.000Z,12.023807081857715
2017,10,7,16,10.314501844408486,-4.491285543345871,2.2009091256981056e-05,2017-10-07T16:00:00.000Z,11.249915294355494
2017,10,7,17,9.734119560474307,-5.291663201250757,0.00011600625183367163,2017-10-07T17:00:00.000Z,11.079475757141216
2017,10,7,18,12.217562810785976,-4.791067541741591,0.0001631194628056473,2017-10-07T18:00:00.000Z,13.123382537479822
2017,10,7,19,13.500333084707293,-3.1603915658232227,1.2494744515681793e-05,2017-10-07T19:00:00.000Z,13.86531890175516
2017,10,7,20,13.100108759243842,-2.1425137248212494,3.9203693801497824e-05,2017-10-07T20:00:00.000Z,13.274155888984604
2017,10,7,21,13.839554557144265,-0.454873415234597,3.989147790327838e-05,2017-10-07T21:00:00.000Z,13.847027845861355
2017,10,7,22,13.454723474967869,1.0906437588362343,3.484772782355334e-05,2017-10-07T22:00:00.000Z,13.4988550476157
2017,10,7,23,12.823030380076835,2.0567358419579493,3.4618466456293445e-05,2017-10-07T23:00:00.000Z,12.986926905621974
2017,10,8,0,11.990084882210596,2.000346905599445,2.7052841336706095e-05,2017-10-08T00:00:00.000Z,12.155802039575848
2017,10,8,1,11.163410705683527,1.3386399993516953,1.4901988871914365e-05,2017-10-08T01:00:00.000Z,11.24338452742918
2017,10,8,2,10.60583322661906,0.6706037226963584,4.699858028834551e-06,2017-10-08T02:00:00.000Z,10.627013116758212
2017,10,8,3,9.84415274397067,0.5422901226152729,4.814488712464714e-06,2017-10-08T03:00:00.000Z,9.859078142692214
2017,10,8,4,8.961606795512806,0.5077662840284338,3.4389205089005795e-07,2017-10-08T04:00:00.000Z,8.9759803340124
2017,10,8,5,8.161158144585903,0.18439299593170733,0.0,2017-10-08T05:00:00.000Z,8.163240964095664
2017,10,8,6,7.483285319833706,-0.446817852897668,1.1463068363016386e-07,2017-10-08T06:00:00.000Z,7.49661292662938
2017,10,8,7,6.586486368332268,-1.7259260725400576,6.877841017805496e-07,2017-10-08T07:00:00.000Z,6.80886359740745
2017,10,8,8,6.039171051459174,-2.6897165664226494,9.3997160576691e-06,2017-10-08T08:00:00.000Z,6.611063620664299
2017,10,8,9,5.308277055384894,-2.6062839565044547,2.189446057335089e-05,2017-10-08T09:00:00.000Z,5.91358785836976
2017,10,8,10,5.1851311090884495,-3.5263442548437176,3.5076989190813666e-05,2017-10-08T10:00:00.000Z,6.270621055533982
2017,10,8,11,5.627544323560867,-3.971126375304162,3.9662216536018046e-05,2017-10-08T11:00:00.000Z,6.88760479428651
2017,10,8,12,6.414310091565942,-4.091384413048319,2.8199148173006873e-05,2017-10-08T12:00:00.000Z,7.608074681948082
2017,10,8,13,6.707921954263487,-4.372178300221276,3.09502845801269e-06,2017-10-08T13:00:00.000Z,8.007006933518658
2017,10,8,14,6.84247030299479,-4.749063538127603,4.9291193960944455e-06,2017-10-08T14:00:00.000Z,8.329045823894756
2017,10,8,15,7.3054078418499495,-5.642080162907176,8.081463195922779e-05,2017-10-08T15:00:00.000Z,9.23049577760769
2017,10,8,16,7.616123308199779,-5.991346329944031,0.0002512704585172021,2017-10-08T16:00:00.000Z,9.690281992338393
2017,10,8,17,7.67940664171323,-6.428648285377327,0.00045508381401153847,2017-10-08T17:00:00.000Z,10.015028963806053
2017,10,8,18,7.43368486924208,-6.433251463855572,0.0004945167691802967,2017-10-08T18:00:00.000Z,9.83088984438329
2017,10,8,19,7.3761027369460574,-6.407933982225223,0.00023728551511432866,2017-10-08T19:00:00.000Z,9.770798816194095
2017,10,8,20,7.5870471819908945,-6.3342831265733,0.0001636926162237977,2017-10-08T20:00:00.000Z,9.883644452799139
2017,10,8,21,10.193066258477266,-5.323885450598475,0.00011531846773189108,2017-10-08T21:00:00.000Z,11.499667649145424
2017,10,8,22,10.598991785158146,-4.685194436741951,0.00020163537250536412,2017-10-08T22:00:00.000Z,11.588342149415833
2017,10,8,23,10.166270612755357,-4.727773837665719,0.00011623551320093196,2017-10-08T23:00:00.000Z,11.211819818026402
2017,10,9,0,9.999225417084713,-5.398687100869958,0.0001009896322781271,2017-10-09T00:00:00.000Z,11.363552761120644
2017,10,9,1,9.727848239135136,-6.1277154923620465,2.1206676471570346e-05,2017-10-09T01:00:00.000Z,11.49695301021007
2017,10,9,2,9.620665656247489,-7.001168608609077,1.3870312719243326e-05,2017-10-09T02:00:00.000Z,11.898469210594827
2017,10,9,3,9.454760700820332,-7.969562280969912,2.1550568522460834e-05,2017-10-09T03:00:00.000Z,12.36553366660877
2017,10,9,4,9.555101842247069,-8.604800910967754,1.6277557075475464e-05,2017-10-09T04:00:00.000Z,12.858560181182993
2017,10,9,5,10.07163067254605,-9.181924412677748,1.5933665024585406e-05,2017-10-09T05:00:00.000Z,13.628847358610265
2017,10,9,6,10.812786830811698,-9.46732147832895,5.273011446984936e-06,2017-10-09T06:00:00.000Z,14.371726932508965
2017,10,9,7,10.926240735038519,-9.850536086642864,1.146306836301205e-06,2017-10-09T07:00:00.000Z,14.711077383871936
2017,10,9,8,11.322474219649768,-9.95238141047404,5.387642130615099e-06,2017-10-09T08:00:00.000Z,15.074757649600302
2017,10,9,9,12.15541971751601,-8.269919676675412,6.591264308731344e-05,2017-10-09T09:00:00.000Z,14.701897835573478
2017,10,9,10,11.753485031687331,-8.351626094664265,0.00014271520111948767,2017-10-09T10:00:00.000Z,14.41853213108655
2017,10,9,11,11.751774671322105,-8.28430460941993,0.00011371363816106966,2017-10-09T11:00:00.000Z,14.378244356915905
2017,10,9,12,11.769448395096129,-8.448292842707415,0.00041049247807942564,2017-10-09T12:00:00.000Z,14.487704009986269
2017,10,9,13,11.67366821464334,-7.055831353038237,0.0011450458987811735,2017-10-09T13:00:00.000Z,13.640355041863524
2017,10,9,14,11.590430676868888,-7.464938840292281,0.0009557906401078613,2017-10-09T14:00:00.000Z,13.786348144617836
2017,10,9,15,11.18450515018801,-5.579361856141085,0.0009983186237346325,2017-10-09T15:00:00.000Z,12.498897318417502
2017,10,9,16,9.628077217830146,-2.984319989030343,0.0009922431975022364,2017-10-09T16:00:00.000Z,10.079981979618116
2017,10,9,17,7.4553494338683075,1.338064602041915,0.0008141071151410447,2017-10-09T17:00:00.000Z,7.574473715072096
2017,10,9,18,5.1765793072623065,5.734675446075878,0.0005748728784050043,2017-10-09T18:00:00.000Z,7.725508125437567
2017,10,9,19,3.8955193937062185,6.883743873707839,0.0002411829583577525,2017-10-09T19:00:00.000Z,7.909551255637166
2017,10,9,20,4.1110247997250005,7.036799558109492,0.00025688736201507755,2017-10-09T20:00:00.000Z,8.149667043810068
2017,10,9,21,4.554578254440903,6.7306881893061865,0.00011967443370983513,2017-10-09T21:00:00.000Z,8.12689033871454
2017,10,9,22,5.6435076869696665,7.112176605690758,3.553551192533345e-06,2017-10-09T22:00:00.000Z,9.079219960074798
2017,10,9,23,5.386383512063659,7.700808053596366,1.1463068363016386e-07,2017-10-09T23:00:00.000Z,9.397636512302755
2017,10,10,0,5.839629008849193,7.726125535226713,0.0,2017-10-10T00:00:00.000Z,9.68474484677192
2017,10,10,1,5.925147027110612,7.407355425608232,0.0,2017-10-10T01:00:00.000Z,9.485582833656846
2017,10,10,2,5.878397177127702,7.055787669332254,0.0,2017-10-10T02:00:00.000Z,9.183664465057726
2017,10,10,3,5.734726906448515,6.653584949795578,0.0,2017-10-10T03:00:00.000Z,8.783921981420987
2017,10,10,4,5.6492088881870925,6.243902065231754,3.4389205089005795e-07,2017-10-10T04:00:00.000Z,8.420206295725622
2017,10,10,5,5.375551229750546,5.788187395885477,4.0120739270535664e-06,2017-10-10T05:00:00.000Z,7.899345818076337
2017,10,10,6,5.0853600877834575,5.56090545852212,0.0,2017-10-10T06:00:00.000Z,7.5355528490643655
2017,10,10,7,5.145222700566452,5.003920862654448,0.0,2017-10-10T07:00:00.000Z,7.177223741679841
2017,10,10,8,4.729605131815946,4.374436205754416,1.1463068363016386e-07,2017-10-10T08:00:00.000Z,6.442426314760211
2017,10,10,9,5.073957685348601,4.637968173633954,2.0633523053420824e-06,2017-10-10T09:00:00.000Z,6.874285080817467
2017,10,10,10,4.584794620893273,4.859496137899505,2.636505723492468e-06,2017-10-10T10:00:00.000Z,6.68094637233619
2017,10,10,11,4.377841016700634,4.381340973471783,3.553551192533345e-06,2017-10-10T11:00:00.000Z,6.19367747734164
2017,10,10,12,4.1891312564037655,3.8864992870604222,1.948721621711918e-06,2017-10-10T12:00:00.000Z,5.714341378645501
2017,10,10,13,4.151503328368739,3.6954673802132474,5.731534181503857e-07,2017-10-10T13:00:00.000Z,5.558008550162269
2017,10,10,14,4.308286361848012,3.4394155773608563,2.2926136726032767e-07,2017-10-10T14:00:00.000Z,5.512795197490842
2017,10,10,15,4.581944020284559,2.6183236163038655,4.585227345202218e-07,2017-10-10T15:00:00.000Z,5.277293772826749
2017,10,10,16,4.119006481429398,2.0245135926102327,0.0,2017-10-10T16:00:00.000Z,4.589648099878789
2017,10,10,18,4.751839816563916,1.1867351095696033,0.0,2017-10-10T18:00:00.000Z,4.897787445629646
2017,10,10,20,6.0226375679286335,-0.07626198539892802,5.158380763354772e-06,2017-10-10T20:00:00.000Z,6.023120384405604
2017,10,10,21,6.304847028191322,-0.5394568197723529,3.897443243423836e-06,2017-10-10T21:00:00.000Z,6.327883509459687
2017,10,10,22,6.266648980034555,-0.5498139713484046,2.1779829889718126e-06,2017-10-10T22:00:00.000Z,6.290722124053647
2017,10,10,23,6.329932313548008,-0.5992981399895407,5.273011446984936e-06,2017-10-10T23:00:00.000Z,6.358238856373214
2017,10,11,0,6.13381099166848,-1.018762778819636,8.826562639518283e-06,2017-10-11T00:00:00.000Z,6.217838441212619
2017,10,11,1,5.973607237458751,-1.6016402536274366,1.146306836301075e-05,2017-10-11T01:00:00.000Z,6.184596585829938
2017,10,11,2,6.234722253216957,-2.16955739838094,3.24404834673212e-05,2017-10-11T02:00:00.000Z,6.601419610934318
2017,10,11,3,6.813964296907648,-2.4549544640321432,5.5825142927863794e-05,2017-10-11T03:00:00.000Z,7.242714329586905
2017,10,11,4,7.104725558996482,-2.6885657718030886,8.368039904998059e-05,2017-10-11T04:00:00.000Z,7.596414363235395
2017,10,11,5,7.1662985321447055,-2.94634376658482,3.415994372177279e-05,2017-10-11T05:00:00.000Z,7.7483402250232
2017,10,11,6,7.204496580301473,-3.1845582528340106,3.255511415095136e-05,2017-10-11T06:00:00.000Z,7.876939903367857
2017,10,11,7,7.341895529641489,-3.4164433686756133,2.4072443562323142e-05,2017-10-11T07:00:00.000Z,8.09787103253301
2017,10,11,8,7.833909194705533,-3.768011124951592,4.03500006377986e-05,2017-10-11T08:00:00.000Z,8.692988042592194
2017,10,11,9,6.902332915777785,-4.143745568238358,4.7113210971975236e-05,2017-10-11T09:00:00.000Z,8.050641403920839
2017,10,11,10,7.158316850440304,-4.509122859949072,5.960795548765746e-05,2017-10-11T10:00:00.000Z,8.460123468213267
2017,10,11,11,7.375532616824313,-4.365273532503909,7.840738760299565e-05,2017-10-11T11:00:00.000Z,8.570536412350073
2017,10,11,12,8.049984720846055,-4.071820904515777,9.766534245285407e-05,2017-10-11T12:00:00.000Z,9.021196122704938
2017,10,11,13,7.659452437452233,-3.3824949273985547,3.370142098725257e-05,2017-10-11T13:00:00.000Z,8.373080889103479
2017,10,11,14,7.404038622911456,-2.6367800139228303,4.768636439012606e-05,2017-10-11T14:00:00.000Z,7.859541765992941
2017,10,11,15,7.011795979152403,-2.0044183704738927,0.00019372585533488677,2017-10-11T15:00:00.000Z,7.292665895072324
2017,10,11,16,6.7027908731678005,-0.8501713670539051,0.0005114821103575531,2017-10-11T16:00:00.000Z,6.756492939593726
2017,10,11,17,5.856732612501477,2.0325691549471614,0.000740628846934144,2017-10-11T17:00:00.000Z,6.199407573629999
2017,10,11,18,4.706800326946233,4.87273027602446,0.0003819494378555282,2017-10-11T18:00:00.000Z,6.7747671296234655
2017,10,11,19,3.3191279506242406,7.075926575174576,0.00017916775851386244,2017-10-11T19:00:00.000Z,7.815711563886993
2017,10,11,20,1.2182353020019958,8.55182067476195,0.00025321918013891404,2017-10-11T20:00:00.000Z,8.638155711975203
2017,10,11,21,-0.8267855746894539,9.729083570573165,0.0003506552612245078,2017-10-11T21:00:00.000Z,9.764150834031152
2017,10,11,22,-2.6163926368401254,11.86150600062026,0.00026124332799302156,2017-10-11T22:00:00.000Z,12.146638836849544
2017,10,11,23,-3.3968870835060287,13.599205876157827,0.0002506973050990517,2017-10-11T23:00:00.000Z,14.017034005816482
2017,10,12,0,-3.173970115904591,13.72349169507045,0.00019934275883276215,2017-10-12T00:00:00.000Z,14.08574849276115
2017,10,12,1,-3.4863959426196494,14.019245912297704,9.113139348593778e-05,2017-10-12T01:00:00.000Z,14.446252545840068
2017,10,12,2,-3.505780026758905,13.667678156021724,2.613579586766522e-05,2017-10-12T02:00:00.000Z,14.110135356282555
2017,10,12,3,-3.0234584037644905,13.137737233713748,1.0889914944860364e-05,2017-10-12T03:00:00.000Z,13.481151298809857
2017,10,12,4,-2.6865174118144908,13.019780785208715,4.0120739270535664e-06,2017-10-12T04:00:00.000Z,13.294061362084669
2017,10,12,5,-3.4635911377499373,12.346565932765351,0.0,2017-10-12T05:00:00.000Z,12.823188133285024
2017,10,12,6,-4.020028376570917,11.575533537659275,0.0,2017-10-12T06:00:00.000Z,12.253718000260577
2017,10,12,7,-3.4960879846892774,11.563450194153884,0.0,2017-10-12T07:00:00.000Z,12.080397824135023
2017,10,12,8,-3.60213032733344,11.278628525812461,0.0,2017-10-12T08:00:00.000Z,11.839881938531562
2017,10,12,9,-4.200756455163386,10.085254505327386,0.0,2017-10-12T09:00:00.000Z,10.925141336972406
2017,10,12,10,-4.519453603217618,9.015590906445157,0.0,2017-10-12T10:00:00.000Z,10.084956135948897
2017,10,12,11,-4.707023123271,7.956284459138974,0.0,2017-10-12T11:00:00.000Z,9.244378241815088
2017,10,12,12,-4.5445388885743,6.545985652866597,0.0,2017-10-12T12:00:00.000Z,7.968862018964782
2017,10,12,13,-4.5228743239480735,5.559754663902558,0.0,2017-10-12T13:00:00.000Z,7.167095930222714
2017,10,12,14,-5.122640692021507,4.632789597845927,0.0,2017-10-12T14:00:00.000Z,6.906821781214861
2017,10,12,15,-5.793101955191048,3.2455066839647766,0.0,2017-10-12T15:00:00.000Z,6.640281914113164
2017,10,12,16,-5.686489492425142,1.9266960499475216,0.0,2017-10-12T16:00:00.000Z,6.004025351074472
2017,10,12,17,-4.968138139029206,1.1746517660642095,0.0,2017-10-12T17:00:00.000Z,5.105115409076895
2017,10,12,18,-4.887181081741729,0.35355980500721906,0.0,2017-10-12T18:00:00.000Z,4.899953414212323
2017,10,12,19,-4.571334534296213,-0.6999926692011549,0.0,2017-10-12T19:00:00.000Z,4.624617731378944
2017,10,12,20,-3.99209249060552,-1.91350559552855,0.0,2017-10-12T20:00:00.000Z,4.4269974155931076
2017,10,12,21,-3.6830873846209182,-2.938863601557672,0.0,2017-10-12T21:00:00.000Z,4.711905341930618
2017,10,12,22,-3.3928962426538294,-3.819221485522069,0.0,2017-10-12T22:00:00.000Z,5.108639512520713
2017,10,12,23,-3.636907654759751,-4.189201955711028,0.0,2017-10-12T23:00:00.000Z,5.547658092833694
2017,10,13,0,-4.321621920972864,-4.659876955111601,0.0,2017-10-13T00:00:00.000Z,6.355381126621231
2017,10,13,1,-4.773157057393165,-5.299718763587689,0.0,2017-10-13T01:00:00.000Z,7.132324114036433
2017,10,13,2,-4.811925225671677,-6.076505131791568,0.0,2017-10-13T02:00:00.000Z,7.751034704743921
2017,10,13,3,-4.171110208832761,-6.930970136815836,0.0,2017-10-13T03:00:00.000Z,8.089283491858955
2017,10,13,4,-2.930528823920412,-7.594403234992927,0.0,2017-10-13T04:00:00.000Z,8.14020636614941
2017,10,13,5,-2.012635427914493,-7.8470026539866335,0.0,2017-10-13T05:00:00.000Z,8.10099697675353
2017,10,13,6,-2.0833303230106006,-7.8855542737419375,0.0,2017-10-13T06:00:00.000Z,8.156116198222362
2017,10,13,7,-2.7509409855714284,-8.038034560833811,0.0,2017-10-13T07:00:00.000Z,8.495744576389729
2017,10,13,8,-2.655730925240379,-8.735991497597741,0.0,2017-10-13T08:00:00.000Z,9.130742258621593
2017,10,13,9,-1.8558523944352203,-9.533492168953725,0.0,2017-10-13T09:00:00.000Z,9.712448766682526
2017,10,13,10,-1.4898352762763385,-9.869524197865626,0.0,2017-10-13T10:00:00.000Z,9.981338439442505
2017,10,13,11,-1.2743298702575572,-9.960436972810971,0.0,2017-10-13T11:00:00.000Z,10.04162443569617
2017,10,13,12,-1.0383001398560352,-10.35861191117918,0.0,2017-10-13T12:00:00.000Z,10.410519098817707
2017,10,13,13,-1.3490156062058651,-10.31315552370651,6.877841017806363e-06,2017-10-13T13:00:00.000Z,10.401010525999148
2017,10,13,14,-1.1865313715091648,-10.860933762617691,3.3128267569101755e-05,2017-10-13T14:00:00.000Z,10.925554397445664
2017,10,13,15,-1.2902932336663562,-10.68428678851503,1.5819034340955242e-05,2017-10-13T15:00:00.000Z,10.761916223799643
2017,10,13,16,-1.2680585489183869,-11.005358487372632,4.814488712464714e-06,2017-10-13T16:00:00.000Z,11.07817168665795
2017,10,13,17,-1.0297483380298929,-10.767719398433226,2.4072443562321404e-06,2017-10-13T17:00:00.000Z,10.816846244773497
2017,10,13,18,-1.1625863263959668,-11.003632295443289,1.4099574086503653e-05,2017-10-13T18:00:00.000Z,11.064878248749302
2017,10,13,19,-1.4162897805715162,-11.55889069938162,1.3182528617462774e-05,2017-10-13T19:00:00.000Z,11.645335158027965
2017,10,13,20,-0.7595114003238028,-12.244188895330375,2.0060369635269134e-05,2017-10-13T20:00:00.000Z,12.267722660369914
2017,10,13,21,0.6481151802591887,-11.573851029435918,1.6277557075475464e-05,2017-10-13T21:00:00.000Z,11.591983477319886
2017,10,13,22,0.5038747894582585,-11.528394641963244,0.00022352983307871548,2017-10-13T22:00:00.000Z,11.539400886714112
2017,10,13,23,1.131577043497089,-11.068652191448505,0.00028107443626103085,2017-10-13T23:00:00.000Z,11.126343871219666
2017,10,14,0,-0.0041022390145828425,-11.480636665251447,0.00024301704929583423,2017-10-14T00:00:00.000Z,11.480637398153501
2017,10,14,1,0.5523349998063973,-12.575617745764033,0.00017125824134338503,2017-10-14T01:00:00.000Z,12.5877414828708
2017,10,14,2,1.5340818494475112,-13.225816705816168,0.0006057085323015036,2017-10-14T02:00:00.000Z,13.314489650626882
2017,10,14,3,2.1093330522860034,-13.895579174400847,0.0009623245890747778,2017-10-14T03:00:00.000Z,14.054764548632921
2017,10,14,4,3.058012934866035,-14.450262181029395,0.0012211606727115672,2017-10-14T04:00:00.000Z,14.77029181195471
2017,10,14,5,4.577383059310616,-14.508377309317243,0.0008176606663335783,2017-10-14T05:00:00.000Z,15.21333125325204
2017,10,14,6,5.219338316393016,-13.944487945732204,0.000639983106706907,2017-10-14T06:00:00.000Z,14.88926581566865
2017,10,14,7,6.703931113411287,-12.70680833239402,0.0007823544157755043,2017-10-14T07:00:00.000Z,14.366825340678504
2017,10,14,8,7.288304238197664,-12.015756163347456,0.0005164112297536477,2017-10-14T08:00:00.000Z,14.05339015488976
2017,10,14,9,8.111557693994278,-10.690040761612837,0.00021481790112282687,2017-10-14T09:00:00.000Z,13.419178056346883
2017,10,14,10,8.292855892708491,-9.605992229986088,0.00016781932083448183,2017-10-14T10:00:00.000Z,12.69041156069349
2017,10,14,11,8.071649285472283,-8.687658123576167,0.00010935767218312516,2017-10-14T11:00:00.000Z,11.85862242673255
2017,10,14,12,7.932539975767036,-7.864264573280053,3.599403465985455e-05,2017-10-14T12:00:00.000Z,11.17013194844581
2017,10,14,13,7.920567453210437,-7.25146643836366,1.134843767938102e-05,2017-10-14T13:00:00.000Z,10.738675630056576
2017,10,14,14,7.64690979477389,-6.954561426516843,2.074815373704969e-05,2017-10-14T14:00:00.000Z,10.336399471992404
2017,10,14,15,7.17142961324039,-6.56271585855622,1.547514229006475e-05,2017-10-14T15:00:00.000Z,9.721041206465824
2017,10,14,16,6.665162945132776,-5.998251097661399,3.989147790327838e-05,2017-10-14T16:00:00.000Z,8.96679504147202
2017,10,14,17,6.364139520852574,-5.680631782662479,0.00010786747329593391,2017-10-14T17:00:00.000Z,8.530641786587497
2017,10,14,18,6.451938019600966,-5.699619893885242,0.0002181421909481004,2017-10-14T18:00:00.000Z,8.60890069309345
2017,10,14,19,6.13780183252068,-5.067833647746085,0.00022719801495487896,2017-10-14T19:00:00.000Z,7.95961991658657
2017,10,14,20,5.768363993631341,-4.258249632884708,0.00017974091193201326,2017-10-14T20:00:00.000Z,7.169847494820602
2017,10,14,21,5.431423001681342,-3.5200148844361303,0.00024175611177590289,2017-10-14T21:00:00.000Z,6.472314934383606
2017,10,14,22,4.572822098336674,-3.5056299516916143,0.00032830227791663625,2017-10-14T22:00:00.000Z,5.761956551487834
2017,10,14,23,1.8351052737277131,-4.4210870715526305,8.998508664963659e-05,2017-10-14T23:00:00.000Z,4.786817550305535
2017,10,17,0,2.837946567873312,-3.963646210277013,1.9945738951638974e-05,2017-10-17T00:00:00.000Z,4.87487763973079
2017,10,17,1,2.229058277851993,-3.2887051659043083,7.5656251195873456e-06,2017-10-17T01:00:00.000Z,3.9729438045744088
2017,10,17,2,1.9616719407546168,-2.826085728840664,1.8340909380817547e-06,2017-10-17T02:00:00.000Z,3.4401914699476905
2017,10,17,3,2.0768362053466642,-2.36346629177702,2.4072443562321404e-06,2017-10-17T03:00:00.000Z,3.146302836060914
2017,10,17,4,2.452545365575173,-1.71039034517598,1.2838636566572286e-05,2017-10-17T04:00:00.000Z,2.9900524916923223
2017,10,17,5,2.8442178892124823,-0.9077110980319704,3.4389205089031824e-06,2017-10-17T05:00:00.000Z,2.9855510109202146
2017,10,17,6,3.1372596317882855,-0.39618288963697057,5.731534181505593e-06,2017-10-17T06:00:00.000Z,3.1621762884585465
2017,10,17,7,4.1326893643512275,-0.2943375658057952,4.9291193960944455e-06,2017-10-17T07:00:00.000Z,4.143157731111167
2017,10,17,10,7.650330515504347,0.4041947682679165,6.648579650546469e-06,2017-10-17T10:00:00.000Z,7.661000613963698
2017,10,17,11,7.490696881416363,0.8714173838098059,5.960795548765486e-06,2017-10-17T11:00:00.000Z,7.541213962358232
2017,10,17,12,7.532315650303586,1.0768342234014987,1.0889914944860364e-05,2017-10-17T12:00:00.000Z,7.608899460532846
2017,10,17,13,7.871537122740557,0.5376869441370278,1.604829570821557e-05,2017-10-17T13:00:00.000Z,7.889879842214209
2017,10,17,14,7.907454690410353,0.563579823077157,2.980397774382873e-05,2017-10-17T14:00:00.000Z,7.927512970526909
2017,10,17,15,7.149765048614162,1.0164175058745302,1.9257954849858427e-05,2017-10-17T15:00:00.000Z,7.221651112912674
2017,10,17,16,6.685687269515518,-0.5503893686581853,2.2926136726019765e-06,2017-10-17T16:00:00.000Z,6.708304012408338
2017,10,17,17,7.0568354687700845,-1.5895569101220428,1.134843767938102e-05,2017-10-17T17:00:00.000Z,7.23364486298631
2017,10,17,18,7.089902435831168,-2.3755496352824137,5.731534181505593e-06,2017-10-17T18:00:00.000Z,7.477295809267889
2017,10,17,19,7.317380364406548,-3.742693643321243,1.811164801355722e-05,2017-10-17T19:00:00.000Z,8.218990881194586
2017,10,17,20,8.071649285472283,-4.625353116524764,4.103778473957959e-05,2017-10-17T20:00:00.000Z,9.302978750927606
2017,10,17,21,7.567092977729898,-3.2455503676707598,3.072102321286961e-05,2017-10-17T21:00:00.000Z,8.233741149847798
2017,10,17,22,6.528334115914503,-3.522316473675253,3.954758585238789e-05,2017-10-17T22:00:00.000Z,7.417941740788833
2017,10,17,23,5.364718947437433,-3.961344621037891,3.748423354704624e-05,2017-10-17T23:00:00.000Z,6.668767546677574
2017,10,18,0,4.4314323081444575,-4.936067663806315,6.522485898553289e-05,2017-10-18T00:00:00.000Z,6.633427189872581
2017,10,18,1,1.0534705868183245,-5.570730896494376,9.158991622045799e-05,2017-10-18T01:00:00.000Z,5.669465847718669
2017,10,18,2,-1.457908549458741,-7.069065491163192,0.0002719039815706221,2017-10-18T02:00:00.000Z,7.217837921215687
2017,10,18,3,-2.804532277015252,-9.357995989470627,1.8340909380817547e-06,2017-10-18T03:00:00.000Z,9.769211341340133
2017,10,18,4,-1.8108129048175392,-12.328772299868133,0.0007138052669646977,2017-10-18T04:00:00.000Z,12.461046095663457
2017,10,18,5,-1.0770683081345465,-13.166550782908766,0.0006419318283286188,2017-10-18T05:00:00.000Z,13.210531240616453
2017,10,18,6,4.1338296045947125,-12.52843516636202,0.000312483243575681,2017-10-18T06:00:00.000Z,13.192809970493784
2017,10,18,7,9.228423012488438,-9.17617043957994,4.3788921146702225e-05,2017-10-18T07:00:00.000Z,13.01406528466977
2017,10,18,8,10.43137646936576,-8.053570288197887,1.260937519930935e-06,2017-10-18T08:00:00.000Z,13.178528348513785
2017,10,18,9,11.268882928205946,-8.296387952925324,3.4389205089005795e-07,2017-10-18T09:00:00.000Z,13.993490469323795
2017,10,18,10,11.304800495875742,-7.666903296025289,2.8657670907527963e-06,2017-10-18T10:00:00.000Z,13.659426064156426
2017,10,18,11,11.684500496956453,-7.061009928826263,1.260937519930935e-06,2017-10-18T11:00:00.000Z,13.652304313864333
2017,10,18,12,11.785411758504926,-7.47299440262921,0.0,2017-10-18T12:00:00.000Z,13.95498390035738
2017,10,18,13,12.741503202667616,-8.424701553006411,4.585227345202218e-07,2017-10-18T13:00:00.000Z,15.274864978808086
2017,10,18,14,13.753466418761098,-8.065078234393502,1.604829570821427e-06,2017-10-18T14:00:00.000Z,15.943755061430071
2017,10,18,15,14.280827531373196,-7.788887525698787,2.2926136726019765e-06,2017-10-18T15:00:00.000Z,16.266800664814603
2017,10,18,16,14.963261317099334,-7.7031533265414724,2.636505723492468e-06,2017-10-18T16:00:00.000Z,16.829669052480153
2017,10,18,17,15.24033969626634,-7.601308002710295,3.897443243423836e-06,2017-10-18T17:00:00.000Z,17.030790862718593
2017,10,18,18,15.772831889974125,-6.674918333963447,5.502272814245264e-06,2017-10-18T18:00:00.000Z,17.127076825730246
2017,10,18,19,16.094379638637065,-5.176583739294628,9.972869475819487e-06,2017-10-18T19:00:00.000Z,16.906391547651584
2017,10,18,20,15.637713421121076,-3.4503918099526723,1.5131250239174691e-05,2017-10-18T20:00:00.000Z,16.0138466547953
2017,10,18,21,14.033395398536817,-1.3904694409379372,1.673607980999612e-05,2017-10-18T21:00:00.000Z,14.102113021737436
2017,10,18,22,12.760317166685125,0.2223692183772304,6.190056916025814e-06,2017-10-18T22:00:00.000Z,12.762254591712265
2017,10,18,23,11.232965360536149,1.6142553107366278,3.4389205089031824e-06,2017-10-18T23:00:00.000Z,11.348362480959375
2017,10,19,0,9.487827667881415,3.0987803699707097,6.07542623239565e-06,2017-10-19T00:00:00.000Z,9.981047722395274
2017,10,19,1,7.873247483105786,4.627035624748122,2.647968791855528e-05,2017-10-19T01:00:00.000Z,9.132222325530616
2017,10,19,2,6.667443425619748,5.874496992352575,5.788849523320587e-05,2017-10-19T02:00:00.000Z,8.886198104195035
2017,10,19,3,6.19880468554716,6.080489229254049,7.565625119587303e-05,2017-10-19T03:00:00.000Z,8.683175041229788
2017,10,19,4,6.246694775773556,6.733565175855088,8.264872289730956e-05,2017-10-19T04:00:00.000Z,9.184884081966686
2017,10,19,5,6.0454423727983455,7.417712577184283,8.253409221367941e-05,2017-10-19T05:00:00.000Z,9.569212786877696
2017,10,19,6,5.182280508479735,7.9919590923453745,8.952656391511634e-05,2017-10-19T06:00:00.000Z,9.525095348724383
2017,10,19,7,4.205094619812563,8.050649617943003,3.78281255979363e-05,2017-10-19T07:00:00.000Z,9.082718757754332
2017,10,19,8,4.272938914299957,8.345828437860478,4.2757244994031183e-05,2017-10-19T08:00:00.000Z,9.37607909947114
2017,10,19,9,4.571681858093188,8.759539103592765,8.700468887525363e-05,2017-10-19T09:00:00.000Z,9.880779337632692
2017,10,19,10,4.729035011694203,8.966106737804019,9.124602416956794e-05,2017-10-19T10:00:00.000Z,10.1368063104473
2017,10,19,11,5.60759011929987,8.763566884761229,6.625653513820393e-05,2017-10-19T11:00:00.000Z,10.404093977360699
2017,10,19,12,6.59674853052364,8.458030913267702,5.8690910018616576e-05,2017-10-19T12:00:00.000Z,10.726387001444516
2017,10,19,13,7.16743877238819,7.727276329846274,2.980397774382873e-05,2017-10-19T13:00:00.000Z,10.539590980381355
2017,10,19,14,7.372682016215601,7.013783665718267,1.0431392210340142e-05,2017-10-19T14:00:00.000Z,10.175932459569752
2017,10,19,15,7.916576612358237,6.0845170104225135,1.3755682035610992e-06,2017-10-19T15:00:00.000Z,9.984664867157953
2017,10,19,16,8.080771207420169,5.247313924691666,1.8340909380817547e-06,2017-10-19T16:00:00.000Z,9.634996976176685
2017,10,19,17,8.373242829874227,4.300785350102492,4.241335294313895e-06,2017-10-19T17:00:00.000Z,9.41317959648579
2017,10,19,18,8.30083757441289,3.14251056551404,1.673607980999612e-05,2017-10-19T18:00:00.000Z,8.875769098571247
2017,10,19,19,8.56252271029284,2.0394739226645298,3.09502845801269e-06,2017-10-19T19:00:00.000Z,8.80205936389373
2017,10,19,20,8.797982320572617,1.347270958998405,1.7194602544515912e-06,2017-10-19T20:00:00.000Z,8.900541104341286
2017,10,19,21,9.24096565516678,0.5440163145446149,8.024147854107135e-07,2017-10-19T21:00:00.000Z,9.256964944865175
2017,10,19,22,9.068789378400453,0.056654793160402624,1.1463068363016386e-07,2017-10-19T22:00:00.000Z,9.068966344373372
2017,10,19,23,9.41200169168962,-0.4974528161583653,0.0,2017-10-19T23:00:00.000Z,9.425138468408417
2017,10,20,0,9.726137878769908,-0.8357864343093886,4.355965977944059e-06,2017-10-20T00:00:00.000Z,9.761982227018159
2017,10,20,1,8.506080818240301,-1.5291401925950745,2.6021165184035057e-05,2017-10-20T01:00:00.000Z,8.642434877686108
2017,10,20,2,6.286033064173808,-4.597158648345512,9.285085374038936e-05,2017-10-20T02:00:00.000Z,7.787687674909947
2017,10,20,3,5.048302279870175,-7.272756138825543,0.00034607003387930336,2017-10-20T03:00:00.000Z,8.85315411386061
2017,10,20,4,4.751269696442172,-8.901705922814571,0.000536356968705287,2017-10-20T04:00:00.000Z,10.090338550544363
2017,10,20,5,3.2946127853893,-11.032977558242104,0.0001986549747309812,2017-10-20T05:00:00.000Z,11.514385229195893
2017,10,20,6,1.3579147318289837,-12.424863650601502,0.00034251648268677007,2017-10-20T06:00:00.000Z,12.498846712995428
2017,10,20,7,0.6190390540503055,-13.176332537175035,0.0006779258629884733,2017-10-20T07:00:00.000Z,13.190866100474867
2017,10,20,8,-0.2589459334336177,-13.237900049321565,0.0015154176375900608,2017-10-20T08:00:00.000Z,13.240432421649594
2017,10,20,9,3.2940426652675567,-10.94954494832391,0.001953994633158864,2017-10-20T09:00:00.000Z,11.434301537740232
2017,10,20,10,8.308249135995547,-6.785394617441331,0.0008628251556838415,2017-10-20T10:00:00.000Z,10.727002555242192
2017,10,20,11,11.096706651439616,-5.292238598560539,0.0010068012943232603,2017-10-20T11:00:00.000Z,12.294091584667745
2017,10,20,12,14.528829784331315,-2.097632734658359,0.00041519233610826014,2017-10-20T12:00:00.000Z,14.679474036612586
2017,10,20,13,14.471817772157035,1.524493330410846,3.4045313038142625e-05,2017-10-20T13:00:00.000Z,14.551892988370529
2017,10,20,14,14.428488642904586,2.8513595267650294,8.024147854107135e-07,2017-10-20T14:00:00.000Z,14.707533296555896
2017,10,20,15,15.216394651153145,1.7995332444859975,5.158380763354772e-06,2017-10-20T15:00:00.000Z,15.322434078097785
2017,10,20,16,15.770551409487153,-0.14530966257260625,8.345113768272027e-05,2017-10-20T16:00:00.000Z,15.771220835982044
2017,10,20,17,16.200421981281227,-0.9842389402327968,5.41056826734122e-05,2017-10-20T17:00:00.000Z,16.230292624073375
2017,10,20,18,16.506006366535374,-1.6045172401763401,5.5939773611493944e-05,2017-10-20T18:00:00.000Z,16.58380902404901
2017,10,20,19,16.624021231736133,-1.732830840257425,0.00010970156423401566,2017-10-20T19:00:00.000Z,16.71408940487519
2017,10,20,20,17.714090904508378,-0.8939015625972346,8.746321160977427e-05,2017-10-20T20:00:00.000Z,17.736630925201105
2017,10,20,21,18.73916688340195,0.8299887775055991,0.00013423253053085945,2017-10-20T21:00:00.000Z,18.757538667287175
2017,10,20,22,18.427311176808637,1.3115963257920047,0.00020003054293454272,2017-10-20T22:00:00.000Z,18.47392979657462
2017,10,20,23,17.91249270687488,1.6464775600843442,0.00010695042782689302,2017-10-20T23:00:00.000Z,17.988003872851124
2017,10,21,0,17.377149912558384,2.1096723944577693,0.00011451605294648037,2017-10-21T00:00:00.000Z,17.504743834042962
2017,10,21,1,17.30759525770576,2.874950816466036,8.253409221367941e-05,2017-10-21T01:00:00.000Z,17.544748382398012
2017,10,21,2,15.88628579420094,3.082093847987071,8.597301272258258e-05,2017-10-21T02:00:00.000Z,16.18250224232428
2017,10,21,3,15.738624682669554,3.3588599539915647,1.7194602544516338e-05,2017-10-21T03:00:00.000Z,16.09304965171187
2017,10,21,4,14.560756511148913,2.6016370943202265,1.2265483148421895e-05,2017-10-21T04:00:00.000Z,14.79135374965755
2017,10,21,5,14.28367813198191,1.754076857013326,2.4989489031364012e-05,2017-10-21T05:00:00.000Z,14.390977958372668
2017,10,21,6,14.150840143615838,1.057846112178737,1.811164801355722e-05,2017-10-21T06:00:00.000Z,14.19032470267052
2017,10,21,7,14.042517320484702,0.4997107216915047,1.4901988871914365e-05,2017-10-21T07:00:00.000Z,14.051405748233387
2017,10,21,8,13.372056057315161,-0.2298930671103621,4.814488712464714e-06,2017-10-21T08:00:00.000Z,13.374032077959304
2017,10,21,9,11.976972119410512,-1.296679679443691,0.0,2017-10-21T09:00:00.000Z,12.04695975506762
2017,10,21,10,10.801954548498584,-2.7524348731887405,0.0,2017-10-21T10:00:00.000Z,11.147112621615284
2017,10,21,11,9.057386975965596,-4.513726038427317,0.0,2017-10-21T11:00:00.000Z,10.119781696379025
2017,10,21,12,7.3607094936590025,-6.563866653175781,0.0,2017-10-21T12:00:00.000Z,9.862271020952264
2017,10,21,13,6.549998680540731,-10.36033810310852,0.0,2017-10-21T13:00:00.000Z,12.257205567575651
2017,10,21,14,9.105277066191993,-10.926529055932685,1.146306836301205e-06,2017-10-21T14:00:00.000Z,14.22304846586213
2017,10,21,15,11.07504208681339,-10.555397791124165,3.415994372177279e-05,2017-10-21T15:00:00.000Z,15.299443772685228
2017,10,21,16,12.02315184927168,-10.074941037457318,0.00020335483275981571,2017-10-21T16:00:00.000Z,15.686319431239648
2017,10,21,17,13.68847272488242,-7.74630812477502,0.0011012569776344713,2017-10-21T17:00:00.000Z,15.72830490243006
2017,10,21,18,14.556195550174973,-1.6194775702306368,0.002026899747947614,2017-10-21T18:00:00.000Z,14.646007527494099
2017,10,21,19,12.7745701697287,1.1447311059556156,0.0007022275679180568,2017-10-21T19:00:00.000Z,12.825757378270676
2017,10,21,20,13.12861476533098,2.49864097586949,1.7309233228146505e-05,2017-10-21T20:00:00.000Z,13.36427073890531
2017,10,21,21,13.925642695527428,4.282948033499292,2.98039777438296e-06,2017-10-21T21:00:00.000Z,14.56939148836189
2017,10,21,22,14.000328431475735,3.9175707417885777,2.7969886805746972e-05,2017-10-21T22:00:00.000Z,14.538107053743472
2017,10,21,23,14.28766897283411,3.6891380098056583,3.1638068681910485e-05,2017-10-21T23:00:00.000Z,14.756260499621149
2017,10,22,0,14.467256811183093,3.920447728337481,3.1064915263759665e-05,2017-10-22T00:00:00.000Z,14.989043666336759
2017,10,22,1,14.384019273408644,4.147729665700839,5.0322870113618516e-05,2017-10-22T01:00:00.000Z,14.97009257945742
2017,10,22,2,14.162812666172435,4.243245619124427,3.438920508903312e-05,2017-10-22T02:00:00.000Z,14.78480287326527
2017,10,22,3,13.23921806894909,3.5067370626051924,9.05582400677861e-06,2017-10-22T03:00:00.000Z,13.695769416262708
2017,10,22,4,13.06932227266973,2.9704667698896237,2.4072443562321404e-06,2017-10-22T04:00:00.000Z,13.40264367570516
2017,10,22,5,12.80307617581584,2.2443153649464413,0.0,2017-10-22T05:00:00.000Z,12.998296466117312
2017,10,22,6,13.106380080583012,1.1550882575316672,0.0,2017-10-22T06:00:00.000Z,13.157181601672551
2017,10,22,7,13.338418970132336,0.9272309228585291,0.0,2017-10-22T07:00:00.000Z,13.370608729863095
2017,10,22,8,13.212992543348918,0.5601274392184732,0.0,2017-10-22T08:00:00.000Z,13.22485972321671
2017,10,22,9,12.87434119103369,-0.14991284105085145,0.0,2017-10-22T09:00:00.000Z,12.875213977369802
2017,10,22,10,12.47639734605721,-1.392195632867279,4.241335294313895e-06,2017-10-22T10:00:00.000Z,12.553832061043277
2017,10,22,11,11.597842238451545,-2.039517606370513,2.2926136726019765e-06,2017-10-22T11:00:00.000Z,11.775804713679063
2017,10,22,12,10.521455448601127,-2.6862641825639653,1.8340909380817547e-06,2017-10-22T12:00:00.000Z,10.858961277001793
2017,10,22,13,10.977551545995373,-3.1442804411493643,6.190056916025814e-06,2017-10-22T13:00:00.000Z,11.418981453596457
2017,10,22,14,12.016880527932509,-2.4561052586517045,2.9574716376568402e-05,2017-10-22T14:00:00.000Z,12.265311682308772
2017,10,22,15,12.22440425224689,-1.2270566049602318,5.089602353176891e-05,2017-10-22T15:00:00.000Z,12.285834413426235
2017,10,22,16,12.202739687620664,-0.8691594782766665,0.00010236520048168864,2017-10-22T16:00:00.000Z,12.233654159020135
2017,10,22,17,12.048807254750105,-1.7800134196594388,0.00010030184817634655,2017-10-22T17:00:00.000Z,12.17958143928955
2017,10,22,18,11.449611006798415,-2.9941017432966137,7.96683251229266e-05,2017-10-22T18:00:00.000Z,11.834620292016607
2017,10,22,19,11.447330526311445,-4.023487530494201,9.032897870052708e-05,2017-10-22T19:00:00.000Z,12.13382990183496
2017,10,22,20,11.088154849613476,-4.1961067234283975,0.00010901378013223509,2017-10-22T20:00:00.000Z,11.85556787351023
2017,10,22,21,11.895444942001287,-3.751324602967953,8.081463195922779e-05,2017-10-22T21:00:00.000Z,12.472932559948228
2017,10,22,22,11.481537733616012,-3.7179515590006753,4.871804054279666e-05,2017-10-22T22:00:00.000Z,12.06850746876033
2017,10,22,23,10.736960854619905,-3.5257688575339365,5.4564205407932425e-05,2017-10-22T23:00:00.000Z,11.301034219503823
2017,10,23,0,10.084743435346132,-3.487217237778633,0.0001147453143137407,2017-10-23T00:00:00.000Z,10.670648256793838
2017,10,23,1,10.523165808966352,-3.733487286364753,0.0002462267084374771,2017-10-23T01:00:00.000Z,11.165838345616764
2017,10,23,2,12.285407105273368,-3.6909078854409847,3.1294176631019986e-05,2017-10-23T02:00:00.000Z,12.827861425861748
2017,10,23,3,12.592131730771001,-2.91009373606864,5.960795548765486e-06,2017-10-23T03:00:00.000Z,12.924025188686217
2017,10,23,4,12.785402452041811,-1.978525491533764,9.05582400677861e-06,2017-10-23T04:00:00.000Z,12.93758397002028
2017,10,23,5,13.03283458487819,1.132647762450222,7.680255803217379e-05,2017-10-23T05:00:00.000Z,13.081959649478382
2017,10,23,6,12.522577075918374,3.7812015793705633,2.693821065307593e-05,2017-10-23T06:00:00.000Z,13.080994687184564
2017,10,23,7,12.822460259955097,5.403821992952002,3.09502845801269e-06,2017-10-23T07:00:00.000Z,13.914624653566458
2017,10,23,8,13.126904404965751,6.435509369388711,8.024147854107135e-07,2017-10-23T08:00:00.000Z,14.61955540023701
2017,10,23,9,12.451312060700527,6.781898549876662,0.0,2017-10-23T09:00:00.000Z,14.178480876799375
2017,10,23,10,11.713576623165336,6.001084400504317,0.0,2017-10-23T10:00:00.000Z,13.16134078613352
2017,10,23,11,11.713006503043589,5.683465085505397,0.0,2017-10-23T11:00:00.000Z,13.019074341845517
2017,10,23,12,11.648582929286654,5.5436435392287,0.0,2017-10-23T12:00:00.000Z,12.900444486547762
2017,10,23,13,11.272303648936402,4.7939008445845115,0.0,2017-10-23T13:00:00.000Z,12.249339364289531
2017,10,23,14,10.823619113124812,4.40493226317279,0.0,2017-10-23T14:00:00.000Z,11.685639004741729
2017,10,23,15,9.922829320771175,3.934257263772217,0.0,2017-10-23T15:00:00.000Z,10.674311310182995
2017,10,23,16,9.59215965016035,3.3001694283939385,0.0,2017-10-23T16:00:00.000Z,10.143995515095138
2017,10,23,17,8.782018957163821,2.5153274978531286,0.0,2017-10-23T17:00:00.000Z,9.135137075350364
2017,10,23,18,8.124670456794362,1.945108763860503,0.0,2017-10-23T18:00:00.000Z,8.354263470513368
2017,10,23,19,7.493547482025075,1.2057232207923647,0.0,2017-10-23T19:00:00.000Z,7.5899290082663
2017,10,23,20,6.576794326262642,0.16655567932850715,0.0,2017-10-23T20:00:00.000Z,6.5789029787858295
2017,10,23,21,5.84133936921442,-0.15509141683887728,0.0,2017-10-23T21:00:00.000Z,5.843397896251068
2017,10,23,22,4.9091929701649315,-1.3898940436281566,0.0,2017-10-23T22:00:00.000Z,5.102154551836882
2017,10,23,23,4.759251378146572,-3.358328240387768,0.0,2017-10-23T23:00:00.000Z,5.824846972288289
2017,10,24,0,4.776354981798856,-4.982674845898548,0.0,2017-10-24T00:00:00.000Z,6.902218160280423
2017,10,24,1,4.494715641657909,-6.6910294586373045,0.0,2017-10-24T01:00:00.000Z,8.060542408282242
2017,10,24,2,4.79345858545114,-8.519642109120216,0.0,2017-10-24T02:00:00.000Z,9.775558647869165
2017,10,24,3,5.292313691976097,-9.294702285394754,0.0,2017-10-24T03:00:00.000Z,10.695797061855659
2017,10,24,4,4.7050899665810055,-9.126686270938805,0.0,2017-10-24T04:00:00.000Z,10.268119296237462
2017,10,24,5,3.4588073804512285,-9.110575146264946,0.0,2017-10-24T05:00:00.000Z,9.74504633087008
2017,10,24,6,3.6115995730783017,-10.316032510255411,0.0,2017-10-24T06:00:00.000Z,10.929966982059275
2017,10,24,7,3.8544707449407367,-11.128493511665692,0.0,2017-10-24T07:00:00.000Z,11.77710968628506
2017,10,24,8,3.9342875619847297,-11.349446078621463,0.0,2017-10-24T08:00:00.000Z,12.012016687963927
2017,10,24,9,4.783766543381511,-12.0146053687279,0.0,2017-10-24T09:00:00.000Z,12.931943570393491
2017,10,24,10,5.1668872651926785,-12.365022330384312,2.2926136726032767e-07,2017-10-24T10:00:00.000Z,13.401138057721552
2017,10,24,11,5.530623902864591,-12.344308027232213,3.4389205089005795e-07,2017-10-24T11:00:00.000Z,13.52663082316239
2017,10,24,12,6.87268666944716,-11.183731653404637,7.79488648684724e-06,2017-10-24T12:00:00.000Z,13.126678016610354
2017,10,24,13,7.571083818582097,-11.447263621284176,0.00032188295963335017,2017-10-24T13:00:00.000Z,13.724472835164628
2017,10,24,14,8.080201087298425,-11.527819244653466,0.00013904701924332373,2017-10-24T14:00:00.000Z,14.077651300859156
2017,10,24,15,8.535727064570928,-11.481787459871011,0.00012827173498209353,2017-10-24T15:00:00.000Z,14.306994086617213
2017,10,24,16,8.789430518746476,-11.00190610351395,0.00021504716249008722,2017-10-24T16:00:00.000Z,14.081762203446324
2017,10,24,17,9.076200939983107,-10.856905981449225,0.0010983912105437183,2017-10-24T17:00:00.000Z,14.150965726514151
2017,10,24,18,9.285435024662721,-10.321211086043435,0.0006405562601250574,2017-10-24T18:00:00.000Z,13.883324597512624
2017,10,24,19,10.088734276198334,-8.784324871619317,0.0008557180532987747,2017-10-24T19:00:00.000Z,13.37710442307635
2017,10,24,20,10.647451995506287,-6.001128084210303,0.0013149285719209975,2017-10-24T20:00:00.000Z,12.22218361340184
2017,10,24,21,8.146905141542332,0.1239762784047389,0.001563447894031077,2017-10-24T21:00:00.000Z,8.147848397147309
2017,10,24,22,5.652059488795809,1.805287217583804,0.0004941728771294062,2017-10-24T22:00:00.000Z,5.9333665319831885
2017,10,24,23,4.503837563605794,2.342708304918933,0.00012219630874969788,2017-10-24T23:00:00.000Z,5.076695283477502
2017,10,25,0,3.4975755487297397,1.9623706831539225,6.419318283286141e-06,2017-10-25T00:00:00.000Z,4.01047795370753
2017,10,25,1,2.4257497198532616,1.3046915580746368,0.0,2017-10-25T01:00:00.000Z,2.7543568695939533
2017,10,25,2,1.6509564744047869,0.1826668040023654,6.877841017805496e-07,2017-10-25T02:00:00.000Z,1.6610311380776466
2017,10,25,3,1.0791259922967509,-0.2931867711862338,0.0,2017-10-25T03:00:00.000Z,1.1182447809174234
2017,10,25,4,0.3590642785355853,-0.10330565895861864,0.0,2017-10-25T04:00:00.000Z,0.3736297837340524
2017,10,25,5,-1.5770636549029882,-0.9842389402327968,0.0,2017-10-25T05:00:00.000Z,1.858993292910588
2017,10,25,6,-3.3102288250011225,-3.150609811556952,0.0,2017-10-25T06:00:00.000Z,4.5698968323745826
2017,10,25,7,-3.621514411472695,-4.572991961334724,0.0,2017-10-25T07:00:00.000Z,5.833319990445958
2017,10,25,8,-3.5473987956461297,-6.172021085215156,0.0,2017-10-25T08:00:00.000Z,7.11883996811925
2017,10,25,9,-1.862123715774392,-8.534602439174513,9.858238792189323e-06,2017-10-25T09:00:00.000Z,8.735384566669802
2017,10,25,10,0.8208615771472592,-8.869483673466851,0.0002633066802983637,2017-10-25T10:00:00.000Z,8.907387628408888
2017,10,25,11,5.763803032657398,-8.917817047488427,8.127315469374802e-05,2017-10-25T11:00:00.000Z,10.61832784819464
2017,10,25,12,9.86638742871864,-7.653669157900334,3.072102321286961e-05,2017-10-25T12:00:00.000Z,12.4869633006657
2017,10,25,13,11.879481578592491,-6.487338810974952,8.001221717381709e-05,2017-10-25T13:00:00.000Z,13.535421952214872
2017,10,25,14,13.142297648252807,-5.218012345598835,8.035610922470715e-05,2017-10-25T14:00:00.000Z,14.14028430810686
2017,10,25,15,12.74834464412853,-4.529261765791395,8.689005819162345e-05,2017-10-25T15:00:00.000Z,13.529024477342789
2017,10,25,16,11.714716863408821,-3.3324353614476383,3.415994372177279e-05,2017-10-25T16:00:00.000Z,12.179479324998326
2017,10,25,17,10.728979172915508,-1.5935846912905074,2.4072443562321404e-06,2017-10-25T17:00:00.000Z,10.846681808791582
2017,10,25,18,9.356129919758828,-2.7161848426725594,0.0,2017-10-25T18:00:00.000Z,9.742424091311694
2017,10,25,19,8.477574812153161,-2.6022561753359907,1.1463068363016386e-07,2017-10-25T19:00:00.000Z,8.867976764613674
2017,10,25,20,7.439956190581253,-2.173009782239624,6.07542623239565e-06,2017-10-25T20:00:00.000Z,7.750801225130045
2017,10,25,21,5.7130623418222894,-1.7431879918334772,1.3984943402873486e-05,2017-10-25T21:00:00.000Z,5.973088455432451
2017,10,25,22,5.153204382270852,-1.3973742086553052,4.355965977944189e-05,2017-10-25T22:00:00.000Z,5.339304269703175
2017,10,25,23,3.309435908554613,-0.4502702367563518,0.00012597912130949112,2017-10-25T23:00:00.000Z,3.3399265439436414
2017,10,26,0,1.0819765929054652,-1.3191201745251364,0.0005452981620284353,2017-10-26T00:00:00.000Z,1.7060924308004375
2017,10,26,1,-1.554258850033276,-3.871582640712109,0.00037873977871388494,2017-10-26T01:00:00.000Z,4.171914754254946
2017,10,26,2,-1.0291782179081506,-6.699660418284013,0.001131748739480081,2017-10-26T02:00:00.000Z,6.778248853836669
2017,10,26,3,0.22052508895208334,-6.781366836272866,0.001459821756029457,2017-10-26T03:00:00.000Z,6.784951546102506
2017,10,26,4,6.399486968400629,-4.319817145031237,0.0005213403491497423,2017-10-26T04:00:00.000Z,7.721026720924835
2017,10,26,5,7.730717452670082,-3.0993994509864735,8.150241606100835e-05,2017-10-26T05:00:00.000Z,8.328881634997165
2017,10,26,6,9.254648538088608,-2.2650733518045287,5.422031335704236e-05,2017-10-26T06:00:00.000Z,9.52780545837291
2017,10,26,7,8.57278487248421,2.797272179645648,4.355965977944059e-06,2017-10-26T07:00:00.000Z,9.017614546925014
2017,10,26,8,5.9456713514933535,4.8128889558072725,0.0,2017-10-26T08:00:00.000Z,7.649503769585346
2017,10,26,9,6.637797179289121,4.251876578771137,1.1463068363016386e-07,2017-10-26T09:00:00.000Z,7.882817125525694
2017,10,26,10,9.496379469707557,3.805943663691132,1.604829570821427e-06,2017-10-26T10:00:00.000Z,10.230661278914177
2017,10,26,11,11.681079776225994,4.224257507901665,4.0120739270535664e-06,2017-10-26T11:00:00.000Z,12.421432132874997
2017,10,26,12,11.136044939839874,3.4480465370075666,1.3182528617462774e-05,2017-10-26T12:00:00.000Z,11.657637917841809
2017,10,26,13,10.366382775487079,3.3836020383121337,9.628977424928997e-06,2017-10-26T13:00:00.000Z,10.904616206065448
2017,10,26,14,9.114969108261619,3.395109984507746,4.470596661574224e-06,2017-10-26T14:00:00.000Z,9.72673807869153
2017,10,26,15,8.000954390376172,3.210407448068157,1.1463068363016386e-07,2017-10-26T15:00:00.000Z,8.621020075344404
2017,10,26,16,7.287734118075923,2.702907020841621,0.0,2017-10-26T16:00:00.000Z,7.772822842383761
2017,10,26,17,6.776336368872624,1.782271325192578,1.1463068363016386e-07,2017-10-26T17:00:00.000Z,7.0067985314770915
2017,10,26,18,6.302566547704352,0.7666950734297272,0.0,2017-10-26T18:00:00.000Z,6.349028777999306
2017,10,26,19,5.408618196811628,0.14238899231771976,0.0,2017-10-26T19:00:00.000Z,5.4104921609789915
2017,10,26,20,4.494715641657909,-0.2701708787950078,0.0,2017-10-26T20:00:00.000Z,4.502828111655289
2017,10,26,21,3.1195859080142583,-0.8081673634399174,0.0,2017-10-26T21:00:00.000Z,3.222568963546098
2017,10,26,22,1.4998746421429427,-1.8001523255017615,0.0,2017-10-26T22:00:00.000Z,2.3431116783356316
2017,10,26,23,0.1184735871601208,-2.2627717625654054,0.0,2017-10-26T23:00:00.000Z,2.26587114380274
2017,10,27,0,-1.7315662078952891,-2.872117513623116,0.0,2017-10-27T00:00:00.000Z,3.3537114581289638
2017,10,27,1,-3.4516186151933383,-4.030392298211568,0.0,2017-10-27T01:00:00.000Z,5.30638607172832
2017,10,27,2,-5.077031082282081,-5.020075671034291,0.0,2017-10-27T02:00:00.000Z,7.139846241577527
2017,10,27,3,-6.111228983123535,-6.033350333558018,0.0,2017-10-27T03:00:00.000Z,8.587690954593892
2017,10,27,4,-7.185335292486983,-7.726169218932696,0.0,2017-10-27T04:00:00.000Z,10.550958916849314
2017,10,27,5,-7.931622531848318,-9.08007908884657,3.4389205089005795e-07,2017-10-27T05:00:00.000Z,12.056470140444619
2017,10,27,6,-7.502892200297728,-9.082956075395474,0.0004816781326137244,2017-10-27T06:00:00.000Z,11.78106457145754
2017,10,27,7,-6.323313668411861,-10.718810627101867,0.0010742041362977652,2017-10-27T07:00:00.000Z,12.444966733936903
2017,10,27,8,-4.866656757358987,-11.748771811609235,0.0006449122261030013,2017-10-27T08:00:00.000Z,12.716838721758315
2017,10,27,9,1.4645271945948886,-11.088215699981046,0.0006598142149749157,2017-10-27T09:00:00.000Z,11.184514621252642
2017,10,27,10,10.171971813972783,-4.809480255654572,0.0003336899200472513,2017-10-27T10:00:00.000Z,11.251671471998636
2017,10,27,11,12.27286446259503,-2.231700307837251,6.3046875996559774e-06,2017-10-27T11:00:00.000Z,12.474120745817272
2017,10,27,12,13.638302154169052,-2.025132673625996,1.1463068363016386e-07,2017-10-27T12:00:00.000Z,13.78783695850077
2017,10,27,13,13.628039991977682,-1.7650530896051415,1.7194602544515912e-06,2017-10-27T13:00:00.000Z,13.741866191753859
2017,10,27,14,14.137727380815749,-1.653426011507695,1.260937519930935e-06,2017-10-27T14:00:00.000Z,14.234084202006027
2017,10,27,15,15.71581987779984,-0.6758259821903674,5.0437500797246085e-06,2017-10-27T15:00:00.000Z,15.730344407852364
2017,10,27,16,16.320147206847214,1.8392356588608627,9.972869475819487e-06,2017-10-27T16:00:00.000Z,16.42345860840488
2017,10,27,17,14.44844284716558,3.637352251925401,1.3411789984722667e-05,2017-10-27T17:00:00.000Z,14.899256092583851
2017,10,27,18,13.503183685316007,3.961300937331908,0.00023155398093282304,2017-10-27T18:00:00.000Z,14.072237730918669
2017,10,27,19,13.561906057855515,4.337610777928454,0.0003436627895230713,2017-10-27T19:00:00.000Z,14.238685444341385
2017,10,27,20,13.925072575405686,5.005647054583791,0.00034584077251204314,2017-10-27T20:00:00.000Z,14.797437233027175
2017,10,27,21,14.319025579529965,6.349775170231394,0.000199228128149132,2017-10-27T21:00:00.000Z,15.66378428923613
2017,10,27,22,14.043087440606445,7.788268444683023,6.499559761827256e-05,2017-10-27T22:00:00.000Z,16.058188883898577
2017,10,27,23,13.732371974256615,8.410848333865689,6.648579650546382e-05,2017-10-27T23:00:00.000Z,16.103428508694655
2017,10,28,0,13.304211762827768,8.597277062234621,2.441633561321363e-05,2017-10-28T00:00:00.000Z,15.840303769656385
2017,10,28,1,12.687341791102051,8.686463645250623,6.694431923998448e-05,2017-10-28T01:00:00.000Z,15.376062317267882
2017,10,28,2,11.7876922389919,8.25376486829557,0.0001675900594672215,2017-10-28T02:00:00.000Z,14.390077234757987
2017,10,28,3,11.219852597736065,8.303824434246488,0.00021963238983529164,2017-10-28T03:00:00.000Z,13.958459533548597
2017,10,28,4,10.560223616879638,8.655392190522466,0.00021057656582851303,2017-10-28T04:00:00.000Z,13.654088648103167
2017,10,28,5,9.927960401866862,8.853328865087011,0.00015406363879886826,2017-10-28T05:00:00.000Z,13.302098696612475
2017,10,28,6,9.410861451446136,9.013289317206034,6.854914881080589e-05,2017-10-28T06:00:00.000Z,13.030874781609072
2017,10,28,7,9.006646285130486,9.124916395303478,4.676931892108518e-05,2017-10-28T07:00:00.000Z,12.821223675091742
2017,10,28,8,8.866966855303499,8.909142404135734,3.6681818761635086e-05,2017-10-28T08:00:00.000Z,12.569642778942457
2017,10,28,9,8.253517604308238,8.35043161633872,8.253409221367941e-05,2017-10-28T09:00:00.000Z,11.740965080596029
2017,10,28,10,8.319651538430403,8.050074220633219,3.828664833245696e-05,2017-10-28T10:00:00.000Z,11.576713552585245
2017,10,28,11,8.532876463962213,7.913705058215205,6.178593847662927e-05,2017-10-28T11:00:00.000Z,11.637727806477567
2017,10,28,12,8.638348686484633,7.792296225851487,9.548735946388184e-05,2017-10-28T12:00:00.000Z,11.633612873940328
2017,10,28,13,8.624095683441062,7.50287137903182,6.362002941471104e-05,2017-10-28T13:00:00.000Z,11.431015059365533
2017,10,28,14,8.701632019998085,7.146125046967816,5.800312591683559e-05,2017-10-28T14:00:00.000Z,11.259906882312869
2017,10,28,15,8.903454543095037,6.856124802838367,3.060639252923945e-05,2017-10-28T15:00:00.000Z,11.237346221998106
2017,10,28,16,9.03971325219157,6.6777516368063665,3.817201764882679e-05,2017-10-28T16:00:00.000Z,11.238718014289619
2017,10,28,17,8.804253641911789,6.220310775530747,4.9176563277317325e-05,2017-10-28T17:00:00.000Z,10.779941944894736
2017,10,28,18,8.727287425476511,5.697274620940133,8.390966041724093e-05,2017-10-28T18:00:00.000Z,10.422307034111448
2017,10,28,19,8.941652591251808,5.343980672734814,0.00010362613800161956,2017-10-28T19:00:00.000Z,10.416874794927862
2017,10,28,20,9.012347486347917,5.083901088713959,6.637116582183366e-05,2017-10-28T20:00:00.000Z,10.347388921583482
2017,10,28,21,9.552821361760095,4.185130490836581,2.9001562958418017e-05,2017-10-28T21:00:00.000Z,10.429367823364466
2017,10,28,22,9.28771550514969,3.985467624342695,6.820525675991585e-05,2017-10-28T22:00:00.000Z,10.10671121034344
2017,10,28,23,9.22671265212321,3.796161909424861,5.811775660046576e-05,2017-10-28T23:00:00.000Z,9.977127422631161
2017,10,29,0,9.0134877265914,3.474514813257476,7.416605230868133e-05,2017-10-29T00:00:00.000Z,9.659980030256763
2017,10,29,1,8.752372710833193,2.775982479183764,8.815099571155482e-05,2017-10-29T01:00:00.000Z,9.182053517273399
2017,10,29,2,8.76776595412025,2.208640731740041,4.527912003389348e-05,2017-10-29T02:00:00.000Z,9.04167095774511
2017,10,29,3,8.93823187052135,1.7598308301111327,6.06396316403285e-05,2017-10-29T03:00:00.000Z,9.10982950015055
2017,10,29,4,8.972439077825918,1.296060598427927,4.4132813197592276e-05,2017-10-29T04:00:00.000Z,9.065563197071373
2017,10,29,5,9.047124813774225,0.7730244438373144,2.774062543848665e-05,2017-10-29T05:00:00.000Z,9.080089987812856
2017,10,29,6,9.321922712454258,0.2919922928606893,2.693821065307593e-05,2017-10-29T06:00:00.000Z,9.32649465533866
2017,10,29,7,9.28144418381052,0.16425409008938455,1.180696041390124e-05,2017-10-29T07:00:00.000Z,9.282897475643109
2017,10,29,8,9.380074964872023,0.3247899395181865,3.5764773292594216e-05,2017-10-29T08:00:00.000Z,9.385696290176403
2017,10,29,9,8.97700003879986,1.0503659471515887,3.78281255979363e-05,2017-10-29T09:00:00.000Z,9.038240886342228
2017,10,29,10,8.282023610395377,0.421456687561336,1.5245880922804425e-05,2017-10-29T10:00:00.000Z,8.292740248110793
2017,10,29,11,8.157737423855446,-0.12747234596940604,8.024147854107567e-06,2017-10-29T11:00:00.000Z,8.158733300921083
2017,10,29,12,8.236414000655953,-0.5722544664298501,7.5656251195873456e-06,2017-10-29T12:00:00.000Z,8.256269785111817
2017,10,29,13,8.820787125442331,-0.5406076143919142,3.255511415095136e-05,2017-10-29T13:00:00.000Z,8.837337953541649
2017,10,29,14,8.938801990643091,0.5048892974795305,1.5589772973694915e-05,2017-10-29T14:00:00.000Z,8.953049437517603
2017,10,29,15,8.994673762573887,1.084314388428647,2.544801176588424e-05,2017-10-29T15:00:00.000Z,9.05979546060994
2017,10,29,16,9.16171895824453,1.3697114540798505,2.6365057234925115e-05,2017-10-29T16:00:00.000Z,9.263541641148636
2017,10,29,17,9.408010850837424,1.8438388373391084,6.614190445457377e-05,2017-10-29T17:00:00.000Z,9.586991698523304
2017,10,29,18,9.146895835079217,2.1194541487240404,2.9345455009308075e-05,2017-10-29T18:00:00.000Z,9.389237951310696
2017,10,29,19,8.807674362642247,2.0941366670936907,1.1921591097531405e-05,2017-10-29T19:00:00.000Z,9.053205844274823
2017,10,29,20,8.918277666260352,2.232807418750829,8.253409221367896e-06,2017-10-29T20:00:00.000Z,9.193536071705322
2017,10,29,21,7.857284119696986,2.6194744109234267,9.05582400677861e-06,2017-10-29T21:00:00.000Z,8.282424761331978
2017,10,29,22,7.729577212426598,2.0147318383439616,3.09502845801269e-06,2017-10-29T22:00:00.000Z,7.987835017281052
2017,10,29,23,8.275752289056207,1.8340570830728369,5.960795548765486e-06,2017-10-29T23:00:00.000Z,8.47654654524994
2017,10,30,0,8.296276613438947,1.7632832139698165,1.272400588294212e-05,2017-10-30T00:00:00.000Z,8.481590260049217
2017,10,30,1,8.051124961089544,1.5383028658455815,1.1577699046640915e-05,2017-10-30T01:00:00.000Z,8.196766975225527
2017,10,30,2,7.721595530722199,0.896159468130374,9.972869475819487e-06,2017-10-30T02:00:00.000Z,7.773425199510751
2017,10,30,3,7.294005439415092,0.2286985887848176,1.8340909380817547e-06,2017-10-30T03:00:00.000Z,7.297589903161804
2017,10,30,4,6.914875558456126,-0.9272746065645124,1.1463068363016386e-07,2017-10-30T04:00:00.000Z,6.976771616221452
2017,10,30,5,6.8316380206816785,-2.0268588655553383,4.585227345202218e-07,2017-10-30T05:00:00.000Z,7.12596905034703
2017,10,30,6,6.1691584392165355,-3.0769589559050283,0.0,2017-10-30T06:00:00.000Z,6.8939243007506805
2017,10,30,7,5.679425254639464,-3.959043031798768,0.0,2017-10-30T07:00:00.000Z,6.923141841004771
2017,10,30,8,5.220478556636503,-4.726623043046158,0.0,2017-10-30T08:00:00.000Z,7.042326444532124
2017,10,30,11,5.005543270739465,-6.807259715212996,5.731534181503857e-07,2017-10-30T11:00:00.000Z,8.449511717585038
2017,10,30,12,6.211347328225503,-6.497120565241223,1.61629263918453e-05,2017-10-30T12:00:00.000Z,8.988515520993138
2017,10,30,13,7.642918953921693,-5.6317230113311245,0.00022628096948583808,2017-10-30T13:00:00.000Z,9.493709191489486
2017,10,30,14,8.762064752902821,-5.101782089023144,0.0003953612278402509,2017-10-30T14:00:00.000Z,10.139130101637878
2017,10,30,15,9.279163703323547,-6.0644217882861735,0.001625463093874967,2017-10-30T15:00:00.000Z,11.085129257672968
2017,10,30,16,9.606982773325663,-6.667438168936298,0.0015981809911710006,2017-10-30T16:00:00.000Z,11.693966382009341
2017,10,30,17,11.099557252048333,-4.6334086788616915,0.0006856061187916911,2017-10-30T17:00:00.000Z,12.027828032394277
2017,10,30,18,11.235815961144862,-1.7673546788442642,0.00023121008888193296,2017-10-30T18:00:00.000Z,11.373966013381187
2017,10,30,19,10.718146890602393,-1.2598542516177291,9.915554134004536e-05,2017-10-30T19:00:00.000Z,10.791937059853945
2017,10,30,20,10.91426821248192,-0.9531674855046416,0.00016908025835441282,2017-10-30T20:00:00.000Z,10.955810278998834
2017,10,30,21,12.02771281024562,0.4387186068547556,1.2036221781161571e-05,2017-10-30T21:00:00.000Z,12.035711423166772
2017,10,30,22,11.59898247869503,2.457787766875064,1.971647758437908e-05,2017-10-30T22:00:00.000Z,11.85652205531095
2017,10,30,23,10.50435184494884,4.156936022657328,2.877230159115769e-05,2017-10-30T23:00:00.000Z,11.296969716651729
2017,10,31,0,9.825338779953157,4.739238100155347,7.359289889053095e-05,2017-10-31T00:00:00.000Z,10.908604856296494
2017,10,31,1,10.05737766950248,4.701261877709825,3.278437551821169e-05,2017-10-31T01:00:00.000Z,11.101923654476051
2017,10,31,2,10.557373016270924,4.166142379613819,9.858238792189323e-06,2017-10-31T02:00:00.000Z,11.349663754133852
2017,10,31,3,11.187355750796726,3.8652095865985383,6.877841017806363e-06,2017-10-31T03:00:00.000Z,11.836248301012354
2017,10,31,4,11.854396293235807,3.464157661681424,4.0120739270535664e-06,2017-10-31T04:00:00.000Z,12.350186224590662
2017,10,31,5,12.540250799692405,2.6988792396731567,6.419318283286141e-06,2017-10-31T05:00:00.000Z,12.827386299224202
2017,10,31,6,13.161111612270322,1.4358821447046255,0.0,2017-10-31T06:00:00.000Z,13.239207544415876
2017,10,31,7,13.739783535839269,0.5112186678871178,0.0,2017-10-31T07:00:00.000Z,13.749290750366585
2017,10,31,8,13.874902004692313,-0.721282369663039,0.0,2017-10-31T08:00:00.000Z,13.893637173058805
2017,10,31,9,13.706716568778191,-1.3409852722968012,0.0,2017-10-31T09:00:00.000Z,13.772157441640562
2017,10,31,10,13.685622124273705,-1.7149935236542249,0.0,2017-10-31T10:00:00.000Z,13.792659486646722
2017,10,31,11,13.853807560187835,-1.270211403193781,0.0,2017-10-31T11:00:00.000Z,13.911916507926618
2017,10,31,12,14.260303206990454,-0.08546834235541845,0.0,2017-10-31T12:00:00.000Z,14.260559329593184
2017,10,31,13,14.338979783790961,0.7039767666636362,2.1779829889718126e-06,2017-10-31T13:00:00.000Z,14.3562503644917
2017,10,31,14,14.412525279495785,0.7592149084025788,6.877841017805496e-07,2017-10-31T14:00:00.000Z,14.43250817457748
2017,10,31,15,14.684472577567105,1.1430049140262737,2.2926136726032767e-07,2017-10-31T15:00:00.000Z,14.728889812705114
2017,10,31,16,13.961560263197224,1.4681043940523422,1.5016619555544529e-05,2017-10-31T16:00:00.000Z,14.03853608802298
2017,10,31,17,13.684481884030221,1.7270331834536354,1.9257954849858427e-05,2017-10-31T17:00:00.000Z,13.793030415797006
2017,10,31,18,13.092127077539446,1.8231245341870044,2.0060369635269134e-05,2017-10-31T18:00:00.000Z,13.218455828181904
2017,10,31,19,12.82759134105078,1.7391165269590292,1.4787358188284201e-05,2017-10-31T19:00:00.000Z,12.944945960000876
2017,10,31,20,12.84412482458132,1.6988387152743836,1.6506818442735792e-05,2017-10-31T20:00:00.000Z,12.955986858975322
2017,10,31,21,12.506043592387837,2.4215377363588817,1.4328835453763544e-05,2017-10-31T21:00:00.000Z,12.738326865931606
2017,10,31,22,12.059069416941474,2.7040578154611827,1.5933665024585406e-05,2017-10-31T22:00:00.000Z,12.358522722072
2017,10,31,23,11.524866862868464,2.9353675339930048,2.0060369635269134e-05,2017-10-31T23:00:00.000Z,11.892810381338121
2017,11,1,0,11.172532627631409,2.4917362081521217,2.2582244675131875e-05,2017-11-01T00:00:00.000Z,11.447018592039793
2017,11,1,1,10.914838332603662,1.5808822667693498,1.4214204770133383e-05,2017-11-01T01:00:00.000Z,11.02872996170729
2017,11,1,2,10.905716410655778,0.8765959595978318,1.4558096821023873e-05,2017-11-01T02:00:00.000Z,10.940889858966225
2017,11,1,3,10.862957401525069,0.6567941872616228,2.0518892369789796e-05,2017-11-01T03:00:00.000Z,10.882794774862242
2017,11,1,4,10.639470313801887,0.5279051898707566,1.5819034340955242e-05,2017-11-01T04:00:00.000Z,10.652558962416688
2017,11,1,5,10.564784577853578,0.02846032498115064,1.008750015944965e-05,2017-11-01T05:00:00.000Z,10.564822912219155
2017,11,1,6,10.485537880931329,-0.5923933722721729,3.4389205089031824e-06,2017-11-01T06:00:00.000Z,10.502258545663302
2017,11,1,7,10.629208151610515,-0.7719173329237363,1.8340909380817547e-06,2017-11-01T07:00:00.000Z,10.65720049070728
2017,11,1,8,10.911417611873203,-0.5486631767288433,1.4901988871912632e-06,2017-11-01T08:00:00.000Z,10.92520322841616
2017,11,1,9,12.469555904596294,1.5267949196499686,1.948721621711918e-06,2017-11-01T09:00:00.000Z,12.562679936403747
2017,11,1,10,12.976962812947395,2.368025786549282,8.597301272258388e-06,2017-11-01T10:00:00.000Z,13.191251266441023
2017,11,1,11,12.329876474769307,2.489434618912999,6.533948966916305e-06,2017-11-01T11:00:00.000Z,12.578677935495135
2017,11,1,12,10.963868663073542,1.9157635010616891,9.3997160576691e-06,2017-11-01T12:00:00.000Z,11.129984988899409
2017,11,1,13,10.073911153033023,-0.23909942406685256,3.289900620184142e-05,2017-11-01T13:00:00.000Z,10.076748208315628
2017,11,1,14,10.182804096285896,-0.9779095698252098,3.026250047834895e-05,2017-11-01T14:00:00.000Z,10.22965328787308
2017,11,1,15,10.21986190419918,-1.6862236581651924,5.731534181505506e-05,2017-11-01T15:00:00.000Z,10.358036858703375
2017,11,1,16,9.431955895950619,-2.444597312456092,3.209659141643071e-05,2017-11-01T16:00:00.000Z,9.743605495052906
2017,11,1,17,9.970149290875831,-2.3162837123750064,4.092315405594942e-05,2017-11-01T17:00:00.000Z,10.23567521556666
2017,11,1,18,9.782009650700703,-2.1758867687885277,1.0431392210340142e-05,2017-11-01T18:00:00.000Z,10.021087567574224
2017,11,1,19,9.043133972922027,-2.845073840063425,1.146306836301205e-06,2017-11-01T19:00:00.000Z,9.4801222148045
2017,11,1,20,9.140624513740043,-3.036105746910602,4.585227345202218e-07,2017-11-01T20:00:00.000Z,9.631664166051939
2017,11,1,21,9.13549343264436,-2.704676896476946,1.1463068363016386e-07,2017-11-01T21:00:00.000Z,9.527461223863595
2017,11,1,22,7.649190275260862,-3.2616614923446177,2.7855256122116808e-05,2017-11-01T22:00:00.000Z,8.31556056786246
2017,11,1,23,6.66573306525452,-4.690948409839757,0.00020576207711604831,2017-11-01T23:00:00.000Z,8.150889171188968
2017,11,2,0,6.228450931877786,-6.0839852968187165,0.0008397843882741894,2017-11-02T00:00:00.000Z,8.706806423868374
2017,11,2,1,9.457611301429047,-6.894720106299656,0.0007423483071885956,2017-11-02T01:00:00.000Z,11.703998328482928
2017,11,2,2,11.500351697633526,-6.193310785677039,0.0003273852324475954,2017-11-02T02:00:00.000Z,13.061974875846527
2017,11,2,3,12.183355603481408,-5.83023508320545,0.0002701845213161705,2017-11-02T03:00:00.000Z,13.506509352394552
2017,11,2,4,12.698174073415162,-3.5194394871263497,0.0011665964673036346,2017-11-02T04:00:00.000Z,13.176876682366622
2017,11,2,5,12.461004102770154,-1.0906874425422175,0.0008757784229340438,2017-11-02T05:00:00.000Z,12.508645903796857
2017,11,2,6,11.490089535442154,1.0308024386190464,0.00023613920827802743,2017-11-02T06:00:00.000Z,11.536234706347658
2017,11,2,7,9.750082923883106,2.57804580461922,6.430781351649201e-05,2017-11-02T07:00:00.000Z,10.085159254732257
2017,11,2,8,7.885790125784126,3.0567763663567216,0.00010511633688881128,2017-11-02T08:00:00.000Z,8.457515454424628
2017,11,2,9,6.968466849899952,3.533205338855102,0.0004282602340420928,2017-11-02T09:00:00.000Z,7.813006476681608
2017,11,2,10,6.660601984158834,3.5297529549964177,0.000732260807029146,2017-11-02T10:00:00.000Z,7.53808826657572
2017,11,2,11,6.279761742834638,6.4176720527855124,0.00048763892816248983,2017-11-02T11:00:00.000Z,8.978971106083021
2017,11,2,12,4.039759784507149,9.77108757418715,0.00013434716121448959,2017-11-02T12:00:00.000Z,10.57325926566429
2017,11,2,13,2.6036271978370182,11.211882437877906,7.703181939943413e-05,2017-11-02T13:00:00.000Z,11.510220779208002
2017,11,2,14,2.26497584552179,11.232021343720227,1.673607980999612e-05,2017-11-02T14:00:00.000Z,11.45811585936291
2017,11,2,15,2.3413719418353263,10.88217977937359,1.7194602544515912e-06,2017-11-02T15:00:00.000Z,11.13121104465373
2017,11,2,16,2.6241515222197584,10.507020733396605,1.1463068363016386e-07,2017-11-02T16:00:00.000Z,10.829757887579685
2017,11,2,17,3.081957979979233,9.871782103398765,0.0,2017-11-02T17:00:00.000Z,10.34168975010089
2017,11,2,18,3.748998522418317,9.304440355955043,0.0,2017-11-02T18:00:00.000Z,10.031330931567332
2017,11,2,19,4.516380206284137,8.868289195141307,0.0,2017-11-02T19:00:00.000Z,9.952097438046675
2017,11,2,20,5.173728706653592,8.547217496283704,0.0,2017-11-02T20:00:00.000Z,9.991115836523452
2017,11,2,21,5.753540870466027,8.222693413567416,0.0,2017-11-02T21:00:00.000Z,10.035732136802375
2017,11,2,22,6.5539895213929285,8.513844452316427,0.0,2017-11-02T22:00:00.000Z,10.744315985895403
2017,11,2,23,7.581345980773468,9.309618931743069,2.189446057335089e-05,2017-11-02T23:00:00.000Z,12.006073943402939
2017,11,3,0,7.7985617471574775,9.981682989566867,7.25612227378599e-05,2017-11-03T00:00:00.000Z,12.66694756555171
2017,11,3,1,7.039161744996058,10.287218961060397,6.717358060724479e-05,2017-11-03T01:00:00.000Z,12.465017931195145
2017,11,3,2,6.274630661738954,10.1502744013326,1.375568203561316e-05,2017-11-03T02:00:00.000Z,11.933107741220747
2017,11,3,3,6.002113243545892,10.120353741224006,6.293224531293048e-05,2017-11-03T03:00:00.000Z,11.766347064227526
2017,11,3,4,5.863574053962389,10.14049264706633,3.289900620184142e-05,2017-11-03T04:00:00.000Z,11.713713835138163
2017,11,3,5,5.975317597823978,10.177318074892293,3.794275628156646e-05,2017-11-03T05:00:00.000Z,11.801788999655699
2017,11,3,6,6.165167598364334,10.10711960309905,6.935156359621662e-05,2017-11-03T06:00:00.000Z,11.839052250381808
2017,11,3,7,6.381813244626602,9.906305941985604,7.96683251229266e-05,2017-11-03T07:00:00.000Z,11.783990737670784
2017,11,3,8,6.553419401271187,9.482813521987042,6.831988744354558e-05,2017-11-03T08:00:00.000Z,11.526970900533144
2017,11,3,9,6.819095378003333,8.742277184299345,8.471207520265164e-05,2017-11-03T09:00:00.000Z,11.087266215863462
2017,11,3,10,7.600159944790982,9.023646468782085,9.892627997278546e-05,2017-11-03T10:00:00.000Z,11.797822967817776
2017,11,3,11,8.14861550190756,8.901086841798804,7.54269898286127e-05,2017-11-03T11:00:00.000Z,12.067695785160149
2017,11,3,12,8.346447184152316,8.458606310577482,0.00010500170620518109,2017-11-03T12:00:00.000Z,11.883231938962787
2017,11,3,13,8.436526163387681,7.977574159600858,8.436818315176115e-05,2017-11-03T13:00:00.000Z,11.611057797524573
2017,11,3,14,9.059097336330824,7.7756097038678496,0.0001287302577166142,2017-11-03T14:00:00.000Z,11.938481930965933
2017,11,3,15,9.652022262943344,7.300906923298812,6.88930408616964e-05,2017-11-03T15:00:00.000Z,12.102263245650644
2017,11,3,16,10.264901393816864,6.781323152566882,8.597301272258258e-05,2017-11-03T16:00:00.000Z,12.302623473240292
2017,11,3,17,10.755204698515675,6.7496763005289475,0.0001287302577166142,2017-11-03T17:00:00.000Z,12.697738313136547
2017,11,3,18,11.420534880589534,6.994220157185723,5.983721685491779e-05,2017-11-03T18:00:00.000Z,13.392077231182073
2017,11,3,19,12.158840438246465,6.821025566941747,9.479957536210128e-05,2017-11-03T19:00:00.000Z,13.941441481698027
2017,11,3,20,12.63888158075391,7.897593933541348,0.00012242557011695777,2017-11-03T20:00:00.000Z,14.903466628654877
2017,11,3,21,11.391458754380649,8.8446979054403,0.00018306520175728628,2017-11-03T21:00:00.000Z,14.421997558981056
2017,11,3,22,10.972990585021426,9.274519695846447,6.60272737709436e-05,2017-11-03T22:00:00.000Z,14.367436722241463
2017,11,3,23,10.996935630134628,10.412080177282798,9.502883672936162e-05,2017-11-03T23:00:00.000Z,15.144107991938313
2017,11,4,0,10.244377069434119,10.928211564156044,7.703181939943413e-05,2017-11-04T00:00:00.000Z,14.979087740303195
2017,11,4,1,9.572205445899352,11.226842767932197,3.7254972179785906e-05,2017-11-04T01:00:00.000Z,14.753613646641853
2017,11,4,2,9.057386975965596,11.523747779779015,2.2238352624241384e-05,2017-11-04T02:00:00.000Z,14.657183280710964
2017,11,4,3,8.658302890745631,11.727438427441369,2.189446057335089e-05,2017-11-04T03:00:00.000Z,14.577346158245767
2017,11,4,4,8.316230817699946,11.145136349943346,2.0060369635269134e-05,2017-11-04T04:00:00.000Z,13.905889373646362
2017,11,4,5,8.129231417768306,11.351703984154602,5.387642130615099e-06,2017-11-04T05:00:00.000Z,13.962291602294473
2017,11,4,6,7.824217152635902,11.25446183880167,3.897443243423836e-06,2017-11-04T06:00:00.000Z,13.706979438689071
2017,11,4,7,7.483855439955446,11.40291434472508,0.0,2017-11-04T07:00:00.000Z,13.6394482219512
2017,11,4,8,7.380663697919999,11.413846893610911,0.0,2017-11-04T08:00:00.000Z,13.59228080686187
2017,11,4,9,7.312819403432607,11.201525286301852,0.0,2017-11-04T09:00:00.000Z,13.377275371572502
2017,11,4,10,7.093323156561625,11.371267492687144,0.0,2017-11-04T10:00:00.000Z,13.402274351529174
2017,11,4,11,6.673714746958917,11.459878678393366,0.0,2017-11-04T11:00:00.000Z,13.261496440721606
2017,11,4,12,6.407468650105027,11.575533537659275,1.4901988871912632e-06,2017-11-04T12:00:00.000Z,13.230594513609486
2017,11,4,13,6.055704534989714,11.30567219937215,1.146306836301075e-05,2017-11-04T13:00:00.000Z,12.825356965587792
2017,11,4,14,5.55912990895173,10.78666382595,2.6021165184035057e-05,2017-11-04T14:00:00.000Z,12.134910046582958
2017,11,4,15,5.832217447266535,10.11344897350664,4.4132813197592276e-05,2017-11-04T15:00:00.000Z,11.674613933313713
2017,11,4,16,6.634946578680407,9.619182684405061,4.447670524848277e-05,2017-11-04T16:00:00.000Z,11.685512039183434
2017,11,4,17,7.470172557033621,9.559916761497652,5.433494404067209e-05,2017-11-04T17:00:00.000Z,12.132414702713636
2017,11,4,18,7.515782166773045,9.433904750655689,4.436207456485261e-05,2017-11-04T18:00:00.000Z,12.061738698165689
2017,11,4,19,7.126960243744451,9.122039408754576,2.946008569293824e-05,2017-11-04T19:00:00.000Z,11.576060007221175
2017,11,4,20,7.29343531929335,8.538586536636995,2.2009091256981056e-05,2017-11-04T20:00:00.000Z,11.22949949019787
2017,11,4,21,7.552269854564584,8.089776635008086,2.3957812878692968e-05,2017-11-04T21:00:00.000Z,11.067125460592182
2017,11,4,22,7.8236470325141605,7.511502338678531,1.180696041390124e-05,2017-11-04T22:00:00.000Z,10.845834235933198
2017,11,4,23,8.297986973804178,7.203089380636102,4.126704610683731e-06,2017-11-04T23:00:00.000Z,10.988224808532832
2017,11,5,0,8.364691028048085,6.829081129278678,1.3755682035610992e-06,2017-11-05T00:00:00.000Z,10.798351960599279
2017,11,5,1,8.696500938902402,6.631144454714133,0.0,2017-11-05T01:00:00.000Z,10.93623360026734
2017,11,5,2,8.618964602345379,6.273247328030567,1.1463068363016386e-07,2017-11-05T02:00:00.000Z,10.660214953514084
2017,11,5,3,8.736979467546139,5.856659675749374,9.170454690408771e-07,2017-11-05T03:00:00.000Z,10.518330322530833
2017,11,5,4,8.8430218101903,5.3180877937946835,1.1119176312120692e-05,2017-11-05T04:00:00.000Z,10.318967609117172
2017,11,5,5,8.808814602885732,4.773186541432407,3.4389205089031824e-06,2017-11-05T05:00:00.000Z,10.018908347086741
2017,11,5,6,9.23070349297541,4.4998728192865975,6.533948966916305e-06,2017-11-05T06:00:00.000Z,10.269115948560653
2017,11,5,7,9.001515204034801,3.641955430403645,2.636505723492468e-06,2017-11-05T07:00:00.000Z,9.710361235583168
2017,11,5,8,9.41371205205485,3.1902685422258337,3.4389205089031824e-06,2017-11-05T08:00:00.000Z,9.939607033002787
2017,11,5,9,9.8338905817793,3.527451365757296,6.877841017806363e-06,2017-11-05T09:00:00.000Z,10.447407195672554
2017,11,5,10,9.299688027706287,3.0740382856501416,4.9291193960944455e-06,2017-11-05T10:00:00.000Z,9.794585687731079
2017,11,5,11,9.664564905621686,2.5256846494291807,5.616903497875428e-06,2017-11-05T11:00:00.000Z,9.989138990090012
2017,11,5,12,10.190215657868556,2.3835615139133592,1.0316761526709978e-05,2017-11-05T12:00:00.000Z,10.465269258097397
2017,11,5,13,9.758064605587506,2.3852877058427016,2.739673338759616e-05,2017-11-05T13:00:00.000Z,10.045368200641727
2017,11,5,14,8.319651538430403,1.5250687277206263,1.2953267250202448e-05,2017-11-05T14:00:00.000Z,8.458276204119771
2017,11,5,15,8.559101989562382,0.10556356449175802,9.05582400677861e-06,2017-11-05T15:00:00.000Z,8.55975294818016
2017,11,5,16,9.419413253272277,-0.7926316360758399,1.742386391177667e-05,2017-11-05T16:00:00.000Z,9.45270389605163
2017,11,5,17,9.034582171095883,-2.145390711370153,3.09502845801269e-06,2017-11-05T17:00:00.000Z,9.28581586672474
2017,11,5,18,8.516342980431672,-3.9279715770706134,9.170454690408771e-07,2017-11-05T18:00:00.000Z,9.378542449156074
2017,11,5,19,7.777467302652995,-5.739322308260107,1.260937519930935e-06,2017-11-05T19:00:00.000Z,9.665858378950551
2017,11,5,20,6.438825256800883,-6.99599003282105,1.4901988871912632e-06,2017-11-05T20:00:00.000Z,9.508014894127397
2017,11,5,21,7.069378111448428,-6.891267722440971,2.0633523053420824e-06,2017-11-05T21:00:00.000Z,9.872470699119999
2017,11,5,22,7.373252136337342,-6.125413903122923,5.731534181505593e-06,2017-11-05T22:00:00.000Z,9.585694682732951
2017,11,5,23,7.501529163729473,-6.5466047338823605,0.0002794696066902094,2017-11-05T23:00:00.000Z,9.956453853454791
2017,11,6,0,6.430273454974741,-6.648450057713536,6.568338172005311e-05,2017-11-06T00:00:00.000Z,9.24934078059966
2017,11,6,1,5.598468197351984,-6.552358706980168,0.0002602116518403505,2017-11-06T01:00:00.000Z,8.618367060046838
2017,11,6,2,4.811132309225167,-6.7635295196696665,0.0006580947547204643,2017-11-06T02:00:00.000Z,8.300140098836481
2017,11,6,3,4.6822851617112935,-7.097835356652224,0.0007009666303981254,2017-11-06T03:00:00.000Z,8.50312066747992
2017,11,6,4,4.451386512405456,-7.36654590031979,0.0004877535588461201,2017-11-06T04:00:00.000Z,8.607022736367293
2017,11,6,5,3.5363437170082506,-7.319363320917777,0.0009006532812817783,2017-11-06T05:00:00.000Z,8.128887150675684
2017,11,6,6,0.7803830485035199,-6.2427949543181755,0.0005072407750632388,2017-11-06T06:00:00.000Z,6.291381926417448
2017,11,6,7,-1.4026068976496888,-5.432060144837237,0.00036383778984197063,2017-11-06T07:00:00.000Z,5.6102213438030795
2017,11,6,8,1.0426383045052114,-4.960234350817101,0.0001271254281457923,2017-11-06T08:00:00.000Z,5.068630924524634
2017,11,6,9,6.165167598364334,-0.8018379930323303,0.0003272706017639652,2017-11-06T09:00:00.000Z,6.217092220885224
2017,11,6,10,9.191365204575156,1.019869889733214,0.00032245611305150093,2017-11-06T10:00:00.000Z,9.247774268214993
2017,11,6,11,10.943344338690805,1.1527866682925447,0.00020943025899221185,2017-11-06T11:00:00.000Z,11.003894874895394
2017,11,6,12,11.666256653060682,1.4594734344056324,0.00012964730318565506,2017-11-06T12:00:00.000Z,11.757193840403346
2017,11,6,13,11.641171367704,1.515862370764136,2.0289631002529465e-05,2017-11-06T13:00:00.000Z,11.739450989690706
2017,11,6,14,11.88518277980992,1.363957480982044,0.00013560809873442055,2017-11-06T14:00:00.000Z,11.96319145209242
