ml17_280a001_seg0.wav,2017-10-07T00:16:22.000Z
ml17_280a001_seg1.wav,2017-10-07T01:16:22.000Z
ml17_280a001_seg2.wav,2017-10-07T02:16:22.000Z
ml17_280a001_seg3.wav,2017-10-07T03:16:22.000Z
ml17_280a001_seg4.wav,2017-10-07T04:16:22.000Z
ml17_280a001_seg5.wav,2017-10-07T05:16:22.000Z
ml17_280a001_seg6.wav,2017-10-07T06:16:22.000Z
ml17_280a002_seg0.wav,2017-10-07T07:12:35.000Z
ml17_280a002_seg1.wav,2017-10-07T08:12:35.000Z
ml17_280a002_seg2.wav,2017-10-07T09:12:35.000Z
ml17_280a002_seg3.wav,2017-10-07T10:12:35.000Z
ml17_280a002_seg4.wav,2017-10-07T11:12:35.000Z
ml17_280a002_seg5.wav,2017-10-07T12:12:35.000Z
ml17_280a002_seg6.wav,2017-10-07T13:12:35.000Z
ml17_280a003_seg0.wav,2017-10-07T14:32:22.000Z
ml17_280a003_seg1.wav,2017-10-07T15:32:22.000Z
ml17_280a003_seg2.wav,2017-10-07T16:32:22.000Z
ml17_280a003_seg3.wav,2017-10-07T17:32:22.000Z
ml17_280a003_seg4.wav,2017-10-07T18:32:22.000Z
ml17_280a003_seg5.wav,2017-10-07T19:32:22.000Z
ml17_280a003_seg6.wav,2017-10-07T20:32:22.000Z
ml17_280a004_seg0.wav,2017-10-07T21:51:31.000Z
ml17_280a004_seg1.wav,2017-10-07T22:51:31.000Z
ml17_280a004_seg2.wav,2017-10-07T23:51:31.000Z
ml17_280a004_seg3.wav,2017-10-08T00:51:31.000Z
ml17_280a004_seg4.wav,2017-10-08T01:51:31.000Z
ml17_280a004_seg5.wav,2017-10-08T02:51:31.000Z
ml17_280a004_seg6.wav,2017-10-08T03:51:31.000Z
ml17_280a005_seg0.wav,2017-10-08T05:01:57.000Z
ml17_280a005_seg1.wav,2017-10-08T06:01:57.000Z
ml17_280a005_seg2.wav,2017-10-08T07:01:57.000Z
ml17_280a005_seg3.wav,2017-10-08T08:01:57.000Z
ml17_280a005_seg4.wav,2017-10-08T09:01:57.000Z
ml17_280a005_seg5.wav,2017-10-08T10:01:57.000Z
ml17_280a005_seg6.wav,2017-10-08T11:01:57.000Z
ml17_280a006_seg0.wav,2017-10-08T13:30:27.000Z
ml17_280a006_seg1.wav,2017-10-08T14:30:27.000Z
ml17_280a006_seg2.wav,2017-10-08T15:30:27.000Z
ml17_280a006_seg3.wav,2017-10-08T16:30:27.000Z
ml17_280a006_seg4.wav,2017-10-08T17:30:27.000Z
ml17_280a006_seg5.wav,2017-10-08T18:30:27.000Z
ml17_280a006_seg6.wav,2017-10-08T19:30:27.000Z
ml17_280a007_seg0.wav,2017-10-08T20:54:28.000Z
ml17_280a007_seg1.wav,2017-10-08T21:54:28.000Z
ml17_280a007_seg2.wav,2017-10-08T22:54:28.000Z
ml17_280a007_seg3.wav,2017-10-08T23:54:28.000Z
ml17_280a007_seg4.wav,2017-10-09T00:54:28.000Z
ml17_280a008_seg0.wav,2017-10-09T02:02:11.000Z
ml17_280a008_seg1.wav,2017-10-09T03:02:11.000Z
ml17_280a008_seg2.wav,2017-10-09T04:02:11.000Z
ml17_280a008_seg3.wav,2017-10-09T05:02:11.000Z
ml17_280a008_seg4.wav,2017-10-09T06:02:11.000Z
ml17_280a008_seg5.wav,2017-10-09T07:02:11.000Z
ml17_280a008_seg6.wav,2017-10-09T08:02:11.000Z
ml17_280a009_seg0.wav,2017-10-09T09:34:16.000Z
ml17_280a009_seg1.wav,2017-10-09T10:34:16.000Z
ml17_280a009_seg2.wav,2017-10-09T11:34:16.000Z
ml17_280a009_seg3.wav,2017-10-09T12:34:16.000Z
ml17_280a009_seg4.wav,2017-10-09T13:34:16.000Z
ml17_280a009_seg5.wav,2017-10-09T14:34:16.000Z
ml17_280a009_seg6.wav,2017-10-09T15:34:16.000Z
ml17_280a010_seg0.wav,2017-10-09T16:22:43.000Z
ml17_280a010_seg1.wav,2017-10-09T17:22:43.000Z
ml17_280a010_seg2.wav,2017-10-09T18:22:43.000Z
ml17_280a010_seg3.wav,2017-10-09T19:22:43.000Z
ml17_280a010_seg4.wav,2017-10-09T20:22:43.000Z
ml17_280a010_seg5.wav,2017-10-09T21:22:43.000Z
ml17_280a010_seg6.wav,2017-10-09T22:22:43.000Z
ml17_280a011_seg0.wav,2017-10-09T23:43:34.000Z
ml17_280a011_seg1.wav,2017-10-10T00:43:34.000Z
ml17_280a011_seg2.wav,2017-10-10T01:43:34.000Z
ml17_280a011_seg3.wav,2017-10-10T02:43:34.000Z
ml17_280a011_seg4.wav,2017-10-10T03:43:34.000Z
ml17_280a011_seg5.wav,2017-10-10T04:43:34.000Z
ml17_280a011_seg6.wav,2017-10-10T05:43:34.000Z
ml17_280a012_seg0.wav,2017-10-10T07:36:39.000Z
ml17_280a012_seg1.wav,2017-10-10T08:36:39.000Z
ml17_280a012_seg2.wav,2017-10-10T09:36:39.000Z
ml17_280a012_seg3.wav,2017-10-10T10:36:39.000Z
ml17_280a012_seg4.wav,2017-10-10T11:36:39.000Z
ml17_280a012_seg5.wav,2017-10-10T12:36:39.000Z
ml17_280a012_seg6.wav,2017-10-10T13:36:39.000Z
ml17_280a013_seg0.wav,2017-10-10T15:31:52.000Z
ml17_280a013_seg1.wav,2017-10-10T16:31:52.000Z
ml17_280a013_seg2.wav,2017-10-10T17:31:52.000Z
ml17_280a013_seg3.wav,2017-10-10T18:31:52.000Z
ml17_280a013_seg4.wav,2017-10-10T19:31:52.000Z
ml17_280a013_seg5.wav,2017-10-10T20:31:52.000Z
ml17_280a013_seg6.wav,2017-10-10T21:31:52.000Z
ml17_280a014_seg0.wav,2017-10-11T00:37:34.000Z
ml17_280a014_seg1.wav,2017-10-11T01:37:34.000Z
ml17_280a014_seg2.wav,2017-10-11T02:37:34.000Z
ml17_280a015_seg0.wav,2017-10-11T04:12:21.000Z
ml17_280a015_seg1.wav,2017-10-11T05:12:21.000Z
ml17_280a015_seg2.wav,2017-10-11T06:12:21.000Z
ml17_280a015_seg3.wav,2017-10-11T07:12:21.000Z
ml17_280a015_seg4.wav,2017-10-11T08:12:21.000Z
ml17_280a015_seg5.wav,2017-10-11T09:12:21.000Z
ml17_280a015_seg6.wav,2017-10-11T10:12:21.000Z
ml17_280a016_seg0.wav,2017-10-11T11:54:46.000Z
ml17_280a016_seg1.wav,2017-10-11T12:54:46.000Z
ml17_280a016_seg2.wav,2017-10-11T13:54:46.000Z
ml17_280a016_seg3.wav,2017-10-11T14:54:46.000Z
ml17_280a016_seg4.wav,2017-10-11T15:54:46.000Z
ml17_280a016_seg5.wav,2017-10-11T16:54:46.000Z
ml17_280a016_seg6.wav,2017-10-11T17:54:46.000Z
ml17_280a017_seg0.wav,2017-10-11T19:32:21.000Z
ml17_280a017_seg1.wav,2017-10-11T20:32:21.000Z
ml17_280a017_seg2.wav,2017-10-11T21:32:21.000Z
ml17_280a017_seg3.wav,2017-10-11T22:32:21.000Z
ml17_280a017_seg4.wav,2017-10-11T23:32:21.000Z
ml17_280a017_seg5.wav,2017-10-12T00:32:21.000Z
ml17_280a017_seg6.wav,2017-10-12T01:32:21.000Z
ml17_280a018_seg0.wav,2017-10-12T02:53:02.000Z
ml17_280a018_seg1.wav,2017-10-12T03:53:02.000Z
ml17_280a018_seg2.wav,2017-10-12T04:53:02.000Z
ml17_280a018_seg3.wav,2017-10-12T05:53:02.000Z
ml17_280a018_seg4.wav,2017-10-12T06:53:02.000Z
ml17_280a018_seg5.wav,2017-10-12T07:53:02.000Z
ml17_280a018_seg6.wav,2017-10-12T08:53:02.000Z
ml17_280a019_seg0.wav,2017-10-12T10:02:34.000Z
ml17_280a019_seg1.wav,2017-10-12T11:02:34.000Z
ml17_280a019_seg2.wav,2017-10-12T12:02:34.000Z
ml17_280a019_seg3.wav,2017-10-12T13:02:34.000Z
ml17_280a019_seg4.wav,2017-10-12T14:02:34.000Z
ml17_280a019_seg5.wav,2017-10-12T15:02:34.000Z
ml17_280a019_seg6.wav,2017-10-12T16:02:34.000Z
ml17_280a020_seg0.wav,2017-10-12T17:18:40.000Z
ml17_280a020_seg1.wav,2017-10-12T18:18:40.000Z
ml17_280a020_seg2.wav,2017-10-12T19:18:40.000Z
ml17_280a020_seg3.wav,2017-10-12T20:18:40.000Z
ml17_280a020_seg4.wav,2017-10-12T21:18:40.000Z
ml17_280a020_seg5.wav,2017-10-12T22:18:40.000Z
ml17_280a020_seg6.wav,2017-10-12T23:18:40.000Z
ml17_280a021_seg0.wav,2017-10-13T02:11:54.000Z
ml17_280a021_seg1.wav,2017-10-13T03:11:54.000Z
ml17_280a021_seg2.wav,2017-10-13T04:11:54.000Z
ml17_280a021_seg3.wav,2017-10-13T05:11:54.000Z
ml17_280a022_seg0.wav,2017-10-13T06:08:56.000Z
ml17_280a022_seg1.wav,2017-10-13T07:08:56.000Z
ml17_280a022_seg2.wav,2017-10-13T08:08:56.000Z
ml17_280a022_seg3.wav,2017-10-13T09:08:56.000Z
ml17_280a022_seg4.wav,2017-10-13T10:08:56.000Z
ml17_280a022_seg5.wav,2017-10-13T11:08:56.000Z
ml17_280a022_seg6.wav,2017-10-13T12:08:56.000Z
ml17_280a023_seg0.wav,2017-10-13T13:45:52.000Z
ml17_280a023_seg1.wav,2017-10-13T14:45:52.000Z
ml17_280a023_seg2.wav,2017-10-13T15:45:52.000Z
ml17_280a023_seg3.wav,2017-10-13T16:45:52.000Z
ml17_280a023_seg4.wav,2017-10-13T17:45:52.000Z
ml17_280a023_seg5.wav,2017-10-13T18:45:52.000Z
ml17_280a023_seg6.wav,2017-10-13T19:45:52.000Z
ml17_280a024_seg0.wav,2017-10-13T20:54:10.000Z
ml17_280a024_seg1.wav,2017-10-13T21:54:10.000Z
ml17_280a024_seg2.wav,2017-10-13T22:54:10.000Z
ml17_280a024_seg3.wav,2017-10-13T23:54:10.000Z
ml17_280a024_seg4.wav,2017-10-14T00:54:10.000Z
ml17_280a024_seg5.wav,2017-10-14T01:54:10.000Z
ml17_280a024_seg6.wav,2017-10-14T02:54:10.000Z
ml17_280a025_seg0.wav,2017-10-14T04:11:18.000Z
ml17_280a025_seg1.wav,2017-10-14T05:11:18.000Z
ml17_280a025_seg2.wav,2017-10-14T06:11:18.000Z
ml17_280a025_seg3.wav,2017-10-14T07:11:18.000Z
ml17_280a025_seg4.wav,2017-10-14T08:11:18.000Z
ml17_280a025_seg5.wav,2017-10-14T09:11:18.000Z
ml17_280a026_seg0.wav,2017-10-14T11:13:16.000Z
ml17_280a026_seg1.wav,2017-10-14T12:13:16.000Z
ml17_280a026_seg2.wav,2017-10-14T13:13:16.000Z
ml17_280a026_seg3.wav,2017-10-14T14:13:16.000Z
ml17_280a026_seg4.wav,2017-10-14T15:13:16.000Z
ml17_280a026_seg5.wav,2017-10-14T16:13:16.000Z
ml17_280a026_seg6.wav,2017-10-14T17:13:16.000Z
ml17_280a027_seg0.wav,2017-10-14T18:23:42.000Z
ml17_280a027_seg1.wav,2017-10-14T19:23:42.000Z
ml17_280a027_seg2.wav,2017-10-14T20:23:42.000Z
ml17_280a027_seg3.wav,2017-10-14T21:23:42.000Z
ml17_280a027_seg4.wav,2017-10-14T22:23:42.000Z
ml17_280a027_seg5.wav,2017-10-14T23:23:42.000Z
ml17_280a027_seg6.wav,2017-10-15T00:23:42.000Z
ml17_280a028_seg0.wav,2017-10-15T03:01:57.000Z
ml17_280a028_seg1.wav,2017-10-15T04:01:57.000Z
ml17_280a028_seg2.wav,2017-10-15T05:01:57.000Z
ml17_280a028_seg3.wav,2017-10-15T06:01:57.000Z
ml17_280a028_seg4.wav,2017-10-15T07:01:57.000Z
ml17_280a029_seg0.wav,2017-10-15T08:03:33.000Z
ml17_280a029_seg1.wav,2017-10-15T09:03:33.000Z
ml17_280a029_seg2.wav,2017-10-15T10:03:33.000Z
ml17_280a029_seg3.wav,2017-10-15T11:03:33.000Z
ml17_280a029_seg4.wav,2017-10-15T12:03:33.000Z
ml17_280a029_seg5.wav,2017-10-15T13:03:33.000Z
ml17_280a029_seg6.wav,2017-10-15T14:03:33.000Z
ml17_280a030_seg0.wav,2017-10-15T17:24:40.000Z
ml17_280a030_seg1.wav,2017-10-15T18:24:40.000Z
ml17_280a030_seg2.wav,2017-10-15T19:24:40.000Z
ml17_280a030_seg3.wav,2017-10-15T20:24:40.000Z
ml17_280a030_seg4.wav,2017-10-15T21:24:40.000Z
ml17_280a030_seg5.wav,2017-10-15T22:24:40.000Z
ml17_280a030_seg6.wav,2017-10-15T23:24:40.000Z
ml17_280a031_seg0.wav,2017-10-16T01:40:57.000Z
ml17_280a031_seg1.wav,2017-10-16T02:40:57.000Z
ml17_280a031_seg2.wav,2017-10-16T03:40:57.000Z
ml17_280a031_seg3.wav,2017-10-16T04:40:57.000Z
ml17_280a031_seg4.wav,2017-10-16T05:40:57.000Z
ml17_280a031_seg5.wav,2017-10-16T06:40:57.000Z
ml17_280a031_seg6.wav,2017-10-16T07:40:57.000Z
ml17_280a032_seg0.wav,2017-10-16T09:46:02.000Z
ml17_280a032_seg1.wav,2017-10-16T10:46:02.000Z
ml17_280a032_seg2.wav,2017-10-16T11:46:02.000Z
ml17_280a032_seg3.wav,2017-10-16T12:46:02.000Z
ml17_280a032_seg4.wav,2017-10-16T13:46:02.000Z
ml17_280a032_seg5.wav,2017-10-16T14:46:02.000Z
ml17_280a032_seg6.wav,2017-10-16T15:46:02.000Z
ml17_280a033_seg0.wav,2017-10-16T17:56:11.000Z
ml17_280a033_seg1.wav,2017-10-16T18:56:11.000Z
ml17_280a033_seg2.wav,2017-10-16T19:56:11.000Z
ml17_280a033_seg3.wav,2017-10-16T20:56:11.000Z
ml17_280a033_seg4.wav,2017-10-16T21:56:11.000Z
ml17_280a033_seg5.wav,2017-10-16T22:56:11.000Z
ml17_280a033_seg6.wav,2017-10-16T23:56:11.000Z
ml17_280a034_seg0.wav,2017-10-17T02:29:25.000Z
ml17_280a034_seg1.wav,2017-10-17T03:29:25.000Z
ml17_280a034_seg2.wav,2017-10-17T04:29:25.000Z
ml17_280a034_seg3.wav,2017-10-17T05:29:25.000Z
ml17_280a034_seg4.wav,2017-10-17T06:29:25.000Z
ml17_280a034_seg5.wav,2017-10-17T07:29:25.000Z
ml17_280a034_seg6.wav,2017-10-17T08:29:25.000Z
ml17_280a035_seg0.wav,2017-10-17T10:23:31.000Z
ml17_280a035_seg1.wav,2017-10-17T11:23:31.000Z
ml17_280a035_seg2.wav,2017-10-17T12:23:31.000Z
ml17_280a035_seg3.wav,2017-10-17T13:23:31.000Z
ml17_280a035_seg4.wav,2017-10-17T14:23:31.000Z
ml17_280a035_seg5.wav,2017-10-17T15:23:31.000Z
ml17_280a035_seg6.wav,2017-10-17T16:23:31.000Z
ml17_280a036_seg0.wav,2017-10-17T18:28:21.000Z
ml17_280a036_seg1.wav,2017-10-17T19:28:21.000Z
ml17_280a036_seg2.wav,2017-10-17T20:28:21.000Z
ml17_280a036_seg3.wav,2017-10-17T21:28:21.000Z
ml17_280a036_seg4.wav,2017-10-17T22:28:21.000Z
ml17_280a036_seg5.wav,2017-10-17T23:28:21.000Z
ml17_280a036_seg6.wav,2017-10-18T00:28:21.000Z
ml17_280a037_seg0.wav,2017-10-18T02:53:10.000Z
ml17_280a037_seg1.wav,2017-10-18T03:53:10.000Z
ml17_280a037_seg2.wav,2017-10-18T04:53:10.000Z
ml17_280a037_seg3.wav,2017-10-18T05:53:10.000Z
ml17_280a037_seg4.wav,2017-10-18T06:53:10.000Z
ml17_280a037_seg5.wav,2017-10-18T07:53:10.000Z
ml17_280a037_seg6.wav,2017-10-18T08:53:10.000Z
ml17_280a038_seg0.wav,2017-10-18T10:10:58.000Z
ml17_280a038_seg1.wav,2017-10-18T11:10:58.000Z
ml17_280a038_seg2.wav,2017-10-18T12:10:58.000Z
ml17_280a038_seg3.wav,2017-10-18T13:10:58.000Z
ml17_280a038_seg4.wav,2017-10-18T14:10:58.000Z
ml17_280a038_seg5.wav,2017-10-18T15:10:58.000Z
ml17_280a039_seg0.wav,2017-10-18T17:09:10.000Z
ml17_280a039_seg1.wav,2017-10-18T18:09:10.000Z
ml17_280a039_seg2.wav,2017-10-18T19:09:10.000Z
ml17_280a039_seg3.wav,2017-10-18T20:09:10.000Z
ml17_280a039_seg4.wav,2017-10-18T21:09:10.000Z
ml17_280a039_seg5.wav,2017-10-18T22:09:10.000Z
ml17_280a040_seg0.wav,2017-10-18T23:40:50.000Z
ml17_280a040_seg1.wav,2017-10-19T00:40:50.000Z
ml17_280a040_seg2.wav,2017-10-19T01:40:50.000Z
ml17_280a040_seg3.wav,2017-10-19T02:40:50.000Z
ml17_280a040_seg4.wav,2017-10-19T03:40:50.000Z
ml17_280a040_seg5.wav,2017-10-19T04:40:50.000Z
ml17_280a040_seg6.wav,2017-10-19T05:40:50.000Z
ml17_280a041_seg0.wav,2017-10-19T07:26:05.000Z
ml17_280a041_seg1.wav,2017-10-19T08:26:05.000Z
ml17_280a041_seg2.wav,2017-10-19T09:26:05.000Z
ml17_280a041_seg3.wav,2017-10-19T10:26:05.000Z
ml17_280a042_seg0.wav,2017-10-19T12:02:26.000Z
ml17_280a042_seg1.wav,2017-10-19T13:02:26.000Z
ml17_280a042_seg2.wav,2017-10-19T14:02:26.000Z
ml17_280a042_seg3.wav,2017-10-19T15:02:26.000Z
ml17_280a042_seg4.wav,2017-10-19T16:02:26.000Z
ml17_280a042_seg5.wav,2017-10-19T17:02:26.000Z
ml17_280a042_seg6.wav,2017-10-19T18:02:26.000Z
ml17_280a043_seg0.wav,2017-10-19T19:20:42.000Z
ml17_280a043_seg1.wav,2017-10-19T20:20:42.000Z
ml17_280a043_seg2.wav,2017-10-19T21:20:42.000Z
ml17_280a043_seg3.wav,2017-10-19T22:20:42.000Z
ml17_280a043_seg4.wav,2017-10-19T23:20:42.000Z
ml17_280a043_seg5.wav,2017-10-20T00:20:42.000Z
ml17_280a043_seg6.wav,2017-10-20T01:20:42.000Z
ml17_280a044_seg0.wav,2017-10-20T02:56:30.000Z
ml17_280a044_seg1.wav,2017-10-20T03:56:30.000Z
ml17_280a044_seg2.wav,2017-10-20T04:56:30.000Z
ml17_280a044_seg3.wav,2017-10-20T05:56:30.000Z
ml17_280a044_seg4.wav,2017-10-20T06:56:30.000Z
ml17_280a044_seg5.wav,2017-10-20T07:56:30.000Z
ml17_280a044_seg6.wav,2017-10-20T08:56:30.000Z
ml17_280a045_seg0.wav,2017-10-20T10:21:29.000Z
ml17_280a045_seg1.wav,2017-10-20T11:21:29.000Z
ml17_280a045_seg2.wav,2017-10-20T12:21:29.000Z
ml17_280a045_seg3.wav,2017-10-20T13:21:29.000Z
ml17_280a045_seg4.wav,2017-10-20T14:21:29.000Z
ml17_280a045_seg5.wav,2017-10-20T15:21:29.000Z
ml17_280a046_seg0.wav,2017-10-20T17:11:28.000Z
ml17_280a046_seg1.wav,2017-10-20T18:11:28.000Z
ml17_280a046_seg2.wav,2017-10-20T19:11:28.000Z
ml17_280a046_seg3.wav,2017-10-20T20:11:28.000Z
ml17_280a046_seg4.wav,2017-10-20T21:11:28.000Z
ml17_280a046_seg5.wav,2017-10-20T22:11:28.000Z
ml17_280a047_seg0.wav,2017-10-20T23:32:32.000Z
ml17_280a047_seg1.wav,2017-10-21T00:32:32.000Z
ml17_280a047_seg2.wav,2017-10-21T01:32:32.000Z
ml17_280a047_seg3.wav,2017-10-21T02:32:32.000Z
ml17_280a047_seg4.wav,2017-10-21T03:32:32.000Z
ml17_280a047_seg5.wav,2017-10-21T04:32:32.000Z
ml17_280a048_seg0.wav,2017-10-21T06:04:46.000Z
ml17_280a048_seg1.wav,2017-10-21T07:04:46.000Z
ml17_280a048_seg2.wav,2017-10-21T08:04:46.000Z
ml17_280a048_seg3.wav,2017-10-21T09:04:46.000Z
ml17_280a048_seg4.wav,2017-10-21T10:04:46.000Z
ml17_280a048_seg5.wav,2017-10-21T11:04:46.000Z
ml17_280a048_seg6.wav,2017-10-21T12:04:46.000Z
ml17_280a049_seg0.wav,2017-10-21T13:12:14.000Z
ml17_280a050_seg0.wav,2017-10-21T14:02:47.000Z
ml17_280a050_seg1.wav,2017-10-21T15:02:47.000Z
ml17_280a050_seg2.wav,2017-10-21T16:02:47.000Z
ml17_280a050_seg3.wav,2017-10-21T17:02:47.000Z
ml17_280a050_seg4.wav,2017-10-21T18:02:47.000Z
ml17_280a050_seg5.wav,2017-10-21T19:02:47.000Z
ml17_280a051_seg0.wav,2017-10-21T20:32:08.000Z
ml17_280a051_seg1.wav,2017-10-21T21:32:08.000Z
ml17_280a051_seg2.wav,2017-10-21T22:32:08.000Z
ml17_280a051_seg3.wav,2017-10-21T23:32:08.000Z
ml17_280a051_seg4.wav,2017-10-22T00:32:08.000Z
ml17_280a051_seg5.wav,2017-10-22T01:32:08.000Z
ml17_280a052_seg0.wav,2017-10-22T03:15:41.000Z
ml17_280a052_seg1.wav,2017-10-22T04:15:41.000Z
ml17_280a052_seg2.wav,2017-10-22T05:15:41.000Z
ml17_280a052_seg3.wav,2017-10-22T06:15:41.000Z
ml17_280a052_seg4.wav,2017-10-22T07:15:41.000Z
ml17_280a052_seg5.wav,2017-10-22T08:15:41.000Z
ml17_280a053_seg0.wav,2017-10-22T10:22:37.000Z
ml17_280a053_seg1.wav,2017-10-22T11:22:37.000Z
ml17_280a053_seg2.wav,2017-10-22T12:22:37.000Z
ml17_280a053_seg3.wav,2017-10-22T13:22:37.000Z
ml17_280a053_seg4.wav,2017-10-22T14:22:37.000Z
ml17_280a053_seg5.wav,2017-10-22T15:22:37.000Z
ml17_280a053_seg6.wav,2017-10-22T16:22:37.000Z
ml17_280a054_seg0.wav,2017-10-22T17:33:45.000Z
ml17_280a054_seg1.wav,2017-10-22T18:33:45.000Z
ml17_280a054_seg2.wav,2017-10-22T19:33:45.000Z
ml17_280a054_seg3.wav,2017-10-22T20:33:45.000Z
ml17_280a054_seg4.wav,2017-10-22T21:33:45.000Z
ml17_280a054_seg5.wav,2017-10-22T22:33:45.000Z
ml17_280a054_seg6.wav,2017-10-22T23:33:45.000Z
ml17_280a055_seg0.wav,2017-10-23T00:37:46.000Z
ml17_280a055_seg1.wav,2017-10-23T01:37:46.000Z
ml17_280a055_seg2.wav,2017-10-23T02:37:46.000Z
ml17_280a055_seg3.wav,2017-10-23T03:37:46.000Z
ml17_280a055_seg4.wav,2017-10-23T04:37:46.000Z
ml17_280a055_seg5.wav,2017-10-23T05:37:46.000Z
ml17_280a055_seg6.wav,2017-10-23T06:37:46.000Z
ml17_280a056_seg0.wav,2017-10-23T07:45:20.000Z
ml17_280a056_seg1.wav,2017-10-23T08:45:20.000Z
ml17_280a056_seg2.wav,2017-10-23T09:45:20.000Z
ml17_280a056_seg3.wav,2017-10-23T10:45:20.000Z
ml17_280a056_seg4.wav,2017-10-23T11:45:20.000Z
ml17_280a056_seg5.wav,2017-10-23T12:45:20.000Z
ml17_280a057_seg0.wav,2017-10-23T14:52:18.000Z
ml17_280a058_seg0.wav,2017-10-23T16:15:12.000Z
ml17_280a058_seg1.wav,2017-10-23T17:15:12.000Z
ml17_280a058_seg2.wav,2017-10-23T18:15:12.000Z
ml17_280a058_seg3.wav,2017-10-23T19:15:12.000Z
ml17_280a058_seg4.wav,2017-10-23T20:15:12.000Z
ml17_280a058_seg5.wav,2017-10-23T21:15:12.000Z
ml17_280a058_seg6.wav,2017-10-23T22:15:12.000Z
ml17_280a059_seg0.wav,2017-10-23T23:48:08.000Z
ml17_280a059_seg1.wav,2017-10-24T00:48:08.000Z
ml17_280a059_seg2.wav,2017-10-24T01:48:08.000Z
ml17_280a059_seg3.wav,2017-10-24T02:48:08.000Z
ml17_280a059_seg4.wav,2017-10-24T03:48:08.000Z
ml17_280a059_seg5.wav,2017-10-24T04:48:08.000Z
ml17_280a059_seg6.wav,2017-10-24T05:48:08.000Z
ml17_280a060_seg0.wav,2017-10-24T07:02:18.000Z
ml17_280a060_seg1.wav,2017-10-24T08:02:18.000Z
ml17_280a060_seg2.wav,2017-10-24T09:02:18.000Z
ml17_280a060_seg3.wav,2017-10-24T10:02:18.000Z
ml17_280a060_seg4.wav,2017-10-24T11:02:18.000Z
ml17_280a060_seg5.wav,2017-10-24T12:02:18.000Z
ml17_280a060_seg6.wav,2017-10-24T13:02:18.000Z
ml17_280a061_seg0.wav,2017-10-24T14:10:31.000Z
ml17_280a061_seg1.wav,2017-10-24T15:10:31.000Z
ml17_280a061_seg2.wav,2017-10-24T16:10:31.000Z
ml17_280a061_seg3.wav,2017-10-24T17:10:31.000Z
ml17_280a061_seg4.wav,2017-10-24T18:10:31.000Z
ml17_280a061_seg5.wav,2017-10-24T19:10:31.000Z
ml17_280a062_seg0.wav,2017-10-24T20:52:16.000Z
ml17_280a062_seg1.wav,2017-10-24T21:52:16.000Z
ml17_280a062_seg2.wav,2017-10-24T22:52:16.000Z
ml17_280a062_seg3.wav,2017-10-24T23:52:16.000Z
ml17_280a062_seg4.wav,2017-10-25T00:52:16.000Z
ml17_280a062_seg5.wav,2017-10-25T01:52:16.000Z
ml17_280a062_seg6.wav,2017-10-25T02:52:16.000Z
ml17_280a063_seg0.wav,2017-10-25T05:37:01.000Z
ml17_280a063_seg1.wav,2017-10-25T06:37:01.000Z
ml17_280a063_seg2.wav,2017-10-25T07:37:01.000Z
ml17_280a063_seg3.wav,2017-10-25T08:37:01.000Z
ml17_280a063_seg4.wav,2017-10-25T09:37:01.000Z
ml17_280a063_seg5.wav,2017-10-25T10:37:01.000Z
ml17_280a063_seg6.wav,2017-10-25T11:37:01.000Z
ml17_280a064_seg0.wav,2017-10-25T14:10:03.000Z
ml17_280a064_seg1.wav,2017-10-25T15:10:03.000Z
ml17_280a064_seg2.wav,2017-10-25T16:10:03.000Z
ml17_280a064_seg3.wav,2017-10-25T17:10:03.000Z
ml17_280a065_seg0.wav,2017-10-25T18:08:23.000Z
ml17_280a065_seg1.wav,2017-10-25T19:08:23.000Z
ml17_280a065_seg2.wav,2017-10-25T20:08:23.000Z
ml17_280a065_seg3.wav,2017-10-25T21:08:23.000Z
ml17_280a065_seg4.wav,2017-10-25T22:08:23.000Z
ml17_280a065_seg5.wav,2017-10-25T23:08:23.000Z
ml17_280a065_seg6.wav,2017-10-26T00:08:23.000Z
ml17_280a066_seg0.wav,2017-10-26T01:52:14.000Z
ml17_280a066_seg1.wav,2017-10-26T02:52:14.000Z
ml17_280a066_seg2.wav,2017-10-26T03:52:14.000Z
ml17_280a066_seg3.wav,2017-10-26T04:52:14.000Z
ml17_280a066_seg4.wav,2017-10-26T05:52:14.000Z
ml17_280a066_seg5.wav,2017-10-26T06:52:14.000Z
ml17_280a066_seg6.wav,2017-10-26T07:52:14.000Z
ml17_280a067_seg0.wav,2017-10-26T09:48:55.000Z
ml17_280a067_seg1.wav,2017-10-26T10:48:55.000Z
ml17_280a067_seg2.wav,2017-10-26T11:48:55.000Z
ml17_280a067_seg3.wav,2017-10-26T12:48:55.000Z
ml17_280a067_seg4.wav,2017-10-26T13:48:55.000Z
ml17_280a067_seg5.wav,2017-10-26T14:48:55.000Z
ml17_280a067_seg6.wav,2017-10-26T15:48:55.000Z
ml17_280a068_seg0.wav,2017-10-26T17:32:48.000Z
ml17_280a068_seg1.wav,2017-10-26T18:32:48.000Z
ml17_280a068_seg2.wav,2017-10-26T19:32:48.000Z
ml17_280a068_seg3.wav,2017-10-26T20:32:48.000Z
ml17_280a068_seg4.wav,2017-10-26T21:32:48.000Z
ml17_280a068_seg5.wav,2017-10-26T22:32:48.000Z
ml17_280a068_seg6.wav,2017-10-26T23:32:48.000Z
ml17_280a069_seg0.wav,2017-10-27T02:09:33.000Z
ml17_280a069_seg1.wav,2017-10-27T03:09:33.000Z
ml17_280a069_seg2.wav,2017-10-27T04:09:33.000Z
ml17_280a069_seg3.wav,2017-10-27T05:09:33.000Z
ml17_280a069_seg4.wav,2017-10-27T06:09:33.000Z
ml17_280a069_seg5.wav,2017-10-27T07:09:33.000Z
ml17_280a069_seg6.wav,2017-10-27T08:09:33.000Z
ml17_280a070_seg0.wav,2017-10-27T09:36:33.000Z
ml17_280a070_seg1.wav,2017-10-27T10:36:33.000Z
ml17_280a070_seg2.wav,2017-10-27T11:36:33.000Z
ml17_280a070_seg3.wav,2017-10-27T12:36:33.000Z
ml17_280a070_seg4.wav,2017-10-27T13:36:33.000Z
ml17_280a070_seg5.wav,2017-10-27T14:36:33.000Z
ml17_280a070_seg6.wav,2017-10-27T15:36:33.000Z
ml17_280a071_seg0.wav,2017-10-27T16:43:26.000Z
ml17_280a071_seg1.wav,2017-10-27T17:43:26.000Z
ml17_280a071_seg2.wav,2017-10-27T18:43:26.000Z
ml17_280a072_seg0.wav,2017-10-27T20:03:18.000Z
ml17_280a072_seg1.wav,2017-10-27T21:03:18.000Z
ml17_280a072_seg2.wav,2017-10-27T22:03:18.000Z
ml17_280a072_seg3.wav,2017-10-27T23:03:18.000Z
ml17_280a072_seg4.wav,2017-10-28T00:03:18.000Z
ml17_280a072_seg5.wav,2017-10-28T01:03:18.000Z
ml17_280a073_seg0.wav,2017-10-28T03:02:30.000Z
ml17_280a073_seg1.wav,2017-10-28T04:02:30.000Z
ml17_280a073_seg2.wav,2017-10-28T05:02:30.000Z
ml17_280a073_seg3.wav,2017-10-28T06:02:30.000Z
ml17_280a073_seg4.wav,2017-10-28T07:02:30.000Z
ml17_280a073_seg5.wav,2017-10-28T08:02:30.000Z
ml17_280a073_seg6.wav,2017-10-28T09:02:30.000Z
ml17_280a074_seg0.wav,2017-10-28T10:14:33.000Z
ml17_280a074_seg1.wav,2017-10-28T11:14:33.000Z
ml17_280a074_seg2.wav,2017-10-28T12:14:33.000Z
ml17_280a074_seg3.wav,2017-10-28T13:14:33.000Z
ml17_280a074_seg4.wav,2017-10-28T14:14:33.000Z
ml17_280a074_seg5.wav,2017-10-28T15:14:33.000Z
ml17_280a074_seg6.wav,2017-10-28T16:14:33.000Z
ml17_280a075_seg0.wav,2017-10-28T17:25:22.000Z
ml17_280a075_seg1.wav,2017-10-28T18:25:22.000Z
ml17_280a075_seg2.wav,2017-10-28T19:25:22.000Z
ml17_280a075_seg3.wav,2017-10-28T20:25:22.000Z
ml17_280a075_seg4.wav,2017-10-28T21:25:22.000Z
ml17_280a075_seg5.wav,2017-10-28T22:25:22.000Z
ml17_280a075_seg6.wav,2017-10-28T23:25:22.000Z
ml17_280a076_seg0.wav,2017-10-29T00:49:44.000Z
ml17_280a076_seg1.wav,2017-10-29T01:49:44.000Z
ml17_280a076_seg2.wav,2017-10-29T02:49:44.000Z
ml17_280a076_seg3.wav,2017-10-29T03:49:44.000Z
ml17_280a076_seg4.wav,2017-10-29T04:49:44.000Z
ml17_280a076_seg5.wav,2017-10-29T05:49:44.000Z
ml17_280a076_seg6.wav,2017-10-29T06:49:44.000Z
ml17_280a077_seg0.wav,2017-10-29T08:27:12.000Z
ml17_280a077_seg1.wav,2017-10-29T09:27:12.000Z
ml17_280a077_seg2.wav,2017-10-29T10:27:12.000Z
ml17_280a077_seg3.wav,2017-10-29T11:27:12.000Z
ml17_280a077_seg4.wav,2017-10-29T12:27:12.000Z
ml17_280a077_seg5.wav,2017-10-29T13:27:12.000Z
ml17_280a077_seg6.wav,2017-10-29T14:27:12.000Z
ml17_280a078_seg0.wav,2017-10-29T15:56:05.000Z
ml17_280a078_seg1.wav,2017-10-29T16:56:05.000Z
ml17_280a078_seg2.wav,2017-10-29T17:56:05.000Z
ml17_280a078_seg3.wav,2017-10-29T18:56:05.000Z
ml17_280a078_seg4.wav,2017-10-29T19:56:05.000Z
ml17_280a078_seg5.wav,2017-10-29T20:56:05.000Z
ml17_280a079_seg0.wav,2017-10-29T22:07:47.000Z
ml17_280a079_seg1.wav,2017-10-29T23:07:47.000Z
ml17_280a079_seg2.wav,2017-10-30T00:07:47.000Z
ml17_280a079_seg3.wav,2017-10-30T01:07:47.000Z
ml17_280a079_seg4.wav,2017-10-30T02:07:47.000Z
ml17_280a079_seg5.wav,2017-10-30T03:07:47.000Z
ml17_280a079_seg6.wav,2017-10-30T04:07:47.000Z
ml17_280a080_seg0.wav,2017-10-30T05:57:38.000Z
ml17_280a080_seg1.wav,2017-10-30T06:57:38.000Z
ml17_280a080_seg2.wav,2017-10-30T07:57:38.000Z
ml17_280a080_seg3.wav,2017-10-30T08:57:38.000Z
ml17_280a080_seg4.wav,2017-10-30T09:57:38.000Z
ml17_280a080_seg5.wav,2017-10-30T10:57:38.000Z
ml17_280a080_seg6.wav,2017-10-30T11:57:38.000Z
ml17_280a081_seg0.wav,2017-10-30T13:53:39.000Z
ml17_280a081_seg1.wav,2017-10-30T14:53:39.000Z
ml17_280a081_seg2.wav,2017-10-30T15:53:39.000Z
ml17_280a081_seg3.wav,2017-10-30T16:53:39.000Z
ml17_280a081_seg4.wav,2017-10-30T17:53:39.000Z
ml17_280a081_seg5.wav,2017-10-30T18:53:39.000Z
ml17_280a081_seg6.wav,2017-10-30T19:53:39.000Z
ml17_280a082_seg0.wav,2017-10-30T21:08:14.000Z
ml17_280a082_seg1.wav,2017-10-30T22:08:14.000Z
ml17_280a082_seg2.wav,2017-10-30T23:08:14.000Z
ml17_280a082_seg3.wav,2017-10-31T00:08:14.000Z
ml17_280a082_seg4.wav,2017-10-31T01:08:14.000Z
ml17_280a082_seg5.wav,2017-10-31T02:08:14.000Z
ml17_280a082_seg6.wav,2017-10-31T03:08:14.000Z
ml17_280a083_seg0.wav,2017-10-31T04:23:17.000Z
ml17_280a083_seg1.wav,2017-10-31T05:23:17.000Z
ml17_280a083_seg2.wav,2017-10-31T06:23:17.000Z
ml17_280a083_seg3.wav,2017-10-31T07:23:17.000Z
ml17_280a083_seg4.wav,2017-10-31T08:23:17.000Z
ml17_280a083_seg5.wav,2017-10-31T09:23:17.000Z
ml17_280a083_seg6.wav,2017-10-31T10:23:17.000Z
ml17_280a084_seg0.wav,2017-10-31T11:20:32.000Z
ml17_280a084_seg1.wav,2017-10-31T12:20:32.000Z
ml17_280a084_seg2.wav,2017-10-31T13:20:32.000Z
ml17_280a084_seg3.wav,2017-10-31T14:20:32.000Z
ml17_280a084_seg4.wav,2017-10-31T15:20:32.000Z
ml17_280a084_seg5.wav,2017-10-31T16:20:32.000Z
ml17_280a085_seg0.wav,2017-10-31T18:11:27.000Z
ml17_280a085_seg1.wav,2017-10-31T19:11:27.000Z
ml17_280a085_seg2.wav,2017-10-31T20:11:27.000Z
ml17_280a085_seg3.wav,2017-10-31T21:11:27.000Z
ml17_280a085_seg4.wav,2017-10-31T22:11:27.000Z
ml17_280a086_seg0.wav,2017-11-01T00:06:38.000Z
ml17_280a086_seg1.wav,2017-11-01T01:06:38.000Z
ml17_280a086_seg2.wav,2017-11-01T02:06:38.000Z
ml17_280a086_seg3.wav,2017-11-01T03:06:38.000Z
ml17_280a086_seg4.wav,2017-11-01T04:06:38.000Z
ml17_280a086_seg5.wav,2017-11-01T05:06:38.000Z
ml17_280a086_seg6.wav,2017-11-01T06:06:38.000Z
ml17_280a087_seg0.wav,2017-11-01T07:34:52.000Z
ml17_280a087_seg1.wav,2017-11-01T08:34:52.000Z
ml17_280a087_seg2.wav,2017-11-01T09:34:52.000Z
ml17_280a087_seg3.wav,2017-11-01T10:34:52.000Z
ml17_280a087_seg4.wav,2017-11-01T11:34:52.000Z
ml17_280a087_seg5.wav,2017-11-01T12:34:52.000Z
ml17_280a087_seg6.wav,2017-11-01T13:34:52.000Z
ml17_280a088_seg0.wav,2017-11-01T14:41:49.000Z
ml17_280a088_seg1.wav,2017-11-01T15:41:49.000Z
ml17_280a088_seg2.wav,2017-11-01T16:41:49.000Z
ml17_280a088_seg3.wav,2017-11-01T17:41:49.000Z
ml17_280a088_seg4.wav,2017-11-01T18:41:49.000Z
ml17_280a088_seg5.wav,2017-11-01T19:41:49.000Z
ml17_280a088_seg6.wav,2017-11-01T20:41:49.000Z
ml17_280a089_seg0.wav,2017-11-01T22:02:38.000Z
ml17_280a089_seg1.wav,2017-11-01T23:02:38.000Z
ml17_280a089_seg2.wav,2017-11-02T00:02:38.000Z
ml17_280a089_seg3.wav,2017-11-02T01:02:38.000Z
ml17_280a089_seg4.wav,2017-11-02T02:02:38.000Z
ml17_280a089_seg5.wav,2017-11-02T03:02:38.000Z
ml17_280a089_seg6.wav,2017-11-02T04:02:38.000Z
ml17_280a090_seg0.wav,2017-11-02T05:24:03.000Z
ml17_280a090_seg1.wav,2017-11-02T06:24:03.000Z
ml17_280a090_seg2.wav,2017-11-02T07:24:03.000Z
ml17_280a090_seg3.wav,2017-11-02T08:24:03.000Z
ml17_280a090_seg4.wav,2017-11-02T09:24:03.000Z
ml17_280a090_seg5.wav,2017-11-02T10:24:03.000Z
ml17_280a090_seg6.wav,2017-11-02T11:24:03.000Z
ml17_280a091_seg0.wav,2017-11-02T12:53:03.000Z
ml17_280a091_seg1.wav,2017-11-02T13:53:03.000Z
ml17_280a091_seg2.wav,2017-11-02T14:53:03.000Z
ml17_280a091_seg3.wav,2017-11-02T15:53:03.000Z
ml17_280a091_seg4.wav,2017-11-02T16:53:03.000Z
ml17_280a091_seg5.wav,2017-11-02T17:53:03.000Z
ml17_280a091_seg6.wav,2017-11-02T18:53:03.000Z
ml17_280a092_seg0.wav,2017-11-02T19:57:44.000Z
ml17_280a092_seg1.wav,2017-11-02T20:57:44.000Z
ml17_280a092_seg2.wav,2017-11-02T21:57:44.000Z
ml17_280a092_seg3.wav,2017-11-02T22:57:44.000Z
ml17_280a092_seg4.wav,2017-11-02T23:57:44.000Z
ml17_280a092_seg5.wav,2017-11-03T00:57:44.000Z
ml17_280a093_seg0.wav,2017-11-03T02:18:25.000Z
ml17_280a093_seg1.wav,2017-11-03T03:18:25.000Z
ml17_280a093_seg2.wav,2017-11-03T04:18:25.000Z
ml17_280a093_seg3.wav,2017-11-03T05:18:25.000Z
ml17_280a093_seg4.wav,2017-11-03T06:18:25.000Z
ml17_280a093_seg5.wav,2017-11-03T07:18:25.000Z
ml17_280a093_seg6.wav,2017-11-03T08:18:25.000Z
ml17_280a094_seg0.wav,2017-11-03T09:40:44.000Z
ml17_280a094_seg1.wav,2017-11-03T10:40:44.000Z
ml17_280a094_seg2.wav,2017-11-03T11:40:44.000Z
ml17_280a094_seg3.wav,2017-11-03T12:40:44.000Z
ml17_280a094_seg4.wav,2017-11-03T13:40:44.000Z
ml17_280a094_seg5.wav,2017-11-03T14:40:44.000Z
ml17_280a094_seg6.wav,2017-11-03T15:40:44.000Z
ml17_280a095_seg0.wav,2017-11-03T16:52:48.000Z
ml17_280a095_seg1.wav,2017-11-03T17:52:48.000Z
ml17_280a095_seg2.wav,2017-11-03T18:52:48.000Z
ml17_280a095_seg3.wav,2017-11-03T19:52:48.000Z
ml17_280a095_seg4.wav,2017-11-03T20:52:48.000Z
ml17_280a095_seg5.wav,2017-11-03T21:52:48.000Z
ml17_280a096_seg0.wav,2017-11-03T23:47:42.000Z
ml17_280a096_seg1.wav,2017-11-04T00:47:42.000Z
ml17_280a096_seg2.wav,2017-11-04T01:47:42.000Z
ml17_280a096_seg3.wav,2017-11-04T02:47:42.000Z
ml17_280a096_seg4.wav,2017-11-04T03:47:42.000Z
ml17_280a096_seg5.wav,2017-11-04T04:47:42.000Z
ml17_280a097_seg0.wav,2017-11-04T07:08:37.000Z
ml17_280a097_seg1.wav,2017-11-04T08:08:37.000Z
ml17_280a097_seg2.wav,2017-11-04T09:08:37.000Z
ml17_280a097_seg3.wav,2017-11-04T10:08:37.000Z
ml17_280a097_seg4.wav,2017-11-04T11:08:37.000Z
ml17_280a097_seg5.wav,2017-11-04T12:08:37.000Z
ml17_280a097_seg6.wav,2017-11-04T13:08:37.000Z
ml17_280a098_seg0.wav,2017-11-04T13:38:58.000Z
ml17_280a098_seg1.wav,2017-11-04T14:38:58.000Z
ml17_280a098_seg2.wav,2017-11-04T15:38:58.000Z
ml17_280a098_seg3.wav,2017-11-04T16:38:58.000Z
ml17_280a098_seg4.wav,2017-11-04T17:38:58.000Z
ml17_280a098_seg5.wav,2017-11-04T18:38:58.000Z
ml17_280a098_seg6.wav,2017-11-04T19:38:58.000Z
ml17_280a099_seg0.wav,2017-11-04T21:17:12.000Z
ml17_280a099_seg1.wav,2017-11-04T22:17:12.000Z
ml17_280a099_seg2.wav,2017-11-04T23:17:12.000Z
ml17_280a099_seg3.wav,2017-11-05T00:17:12.000Z
ml17_280a099_seg4.wav,2017-11-05T01:17:12.000Z
ml17_280a099_seg5.wav,2017-11-05T02:17:12.000Z
ml17_280a099_seg6.wav,2017-11-05T03:17:12.000Z
ml17_280a100_seg0.wav,2017-11-05T04:09:14.000Z
ml17_280a100_seg1.wav,2017-11-05T05:09:14.000Z
ml17_280a100_seg2.wav,2017-11-05T06:09:14.000Z
ml17_280a100_seg3.wav,2017-11-05T07:09:14.000Z
ml17_280a100_seg4.wav,2017-11-05T08:09:14.000Z
ml17_280a100_seg5.wav,2017-11-05T09:09:14.000Z
ml17_280a100_seg6.wav,2017-11-05T10:09:14.000Z
ml17_280a101_seg0.wav,2017-11-05T11:51:25.000Z
ml17_280a101_seg1.wav,2017-11-05T12:51:25.000Z
ml17_280a101_seg2.wav,2017-11-05T13:51:25.000Z
ml17_280a101_seg3.wav,2017-11-05T14:51:25.000Z
ml17_280a101_seg4.wav,2017-11-05T15:51:25.000Z
ml17_280a101_seg5.wav,2017-11-05T16:51:25.000Z
ml17_280a101_seg6.wav,2017-11-05T17:51:25.000Z
ml17_280a102_seg0.wav,2017-11-05T19:11:04.000Z
ml17_280a102_seg1.wav,2017-11-05T20:11:04.000Z
ml17_280a102_seg2.wav,2017-11-05T21:11:04.000Z
ml17_280a102_seg3.wav,2017-11-05T22:11:04.000Z
ml17_280a102_seg4.wav,2017-11-05T23:11:04.000Z
ml17_280a102_seg5.wav,2017-11-06T00:11:04.000Z
ml17_280a102_seg6.wav,2017-11-06T01:11:04.000Z
ml17_280a103_seg0.wav,2017-11-06T02:48:02.000Z
ml17_280a103_seg1.wav,2017-11-06T03:48:02.000Z
ml17_280a103_seg2.wav,2017-11-06T04:48:02.000Z
ml17_280a103_seg3.wav,2017-11-06T05:48:02.000Z
ml17_280a103_seg4.wav,2017-11-06T06:48:02.000Z
ml17_280a103_seg5.wav,2017-11-06T07:48:02.000Z
ml17_280a103_seg6.wav,2017-11-06T08:48:02.000Z
ml17_280a104_seg0.wav,2017-11-06T10:50:44.000Z
ml17_280a104_seg1.wav,2017-11-06T11:50:44.000Z
ml17_280a104_seg2.wav,2017-11-06T12:50:44.000Z
